id,property,decision,brand,city,state,keys,guidance,broker,brokerContact,type,status,cfo,date,notes,address,yearBuilt,yearReno,owner,mgmtCo,structure,glLessor,glExpiry,glRent,roomsRev,fbRev,otherRev,totalRev,gop,noi,occ,adr,revpar,rgi,compSet,ourBid,bidDate,pipEst,debt,franchiseExp,ld,motivation,internalOwner,nextStep,driveUrl,vdrUrl,emailUrl
1,Hampton Inn & Suites Fultondale Birmingham I-65,Pass,Hampton Inn,Fultondale,AL,,,HREC,,Select-service,New listing,,Jun 25,,,,,,,,,,,,,,,,,,,,,,,,,,,,,,,,,
2,Holiday Inn Express Fairhope-Point Clear,Pass,Holiday Inn Express,Fairhope,AL,87,,Marcus & Millichap,,Select-service,RFO (renovated 2026),,Jun 10,,,,,,,,,,,,,,,,,,,,,,,,,,,,,,,,,
3,Holiday Inn Express Montgomery EastChase,Pass,Holiday Inn Express,Montgomery,AL,,,HWE / Revere,,Select-service,CFO Jun 30 (double-digit yield),,Jun 29,,,,,,,,,,,,,,,,,,,,,,,,,,,,,,,,,
4,Courtyard Orlando Universal,Pass,Courtyard,Orlando,FL,,,JLL,,Select-service,CFO best & final Jul 9,,Jul 1,,,,,,,,,,,,,,,,,,,,,,,,,,,,,,,,,
5,Downtown Orlando Two-Hotel Portfolio,To review,Marriott/other,Orlando,FL,,,Marcus & Millichap / Hunter,,Portfolio,Just listed,,Jul 7,★ Bhavnesh forwarded | Bhavnesh forwarded,,,,,,,,,,,,,,,,,,,,,,,,,,,,,,,,
6,Fairfield Titusville / Kennedy Space Center,Pass,Fairfield Inn,Titusville,FL,,,JLL,,Select-service,CFO Jul 21 (was Jul 14),,Jul 9,,,,,,,,,,,,,,,,,,,,,,,,,,,,,,,,,
7,Hampton Inn & Suites Panama City Beach Pier Park,To review,Hampton Inn,Panama City Beach,FL,,,Hunter,,Select-service,Just listed,,Jun 16,,,,,,,,,,,,,,,,,,,,,,,,,,,,,,,,,
8,Hilton Garden Inn Jacksonville Airport,To review,Hilton Garden Inn,Jacksonville,FL,,,Kabani Hotel Group,,Select-service,CFO,,Jun 10,★ Bhavnesh: worth a bid at right price | Part of 3 FL opps,,,,,,,,,,,,,,,,,,,,,,,,,,,,,,,,
9,Hilton Garden Inn Pensacola Downtown,To review,Hilton Garden Inn,Pensacola,FL,,,Hodges Ward Elliott,,Select-service,OM available,,Jun 24,★ Bhavnesh: add to radar,,,,,,,,,,,,,,,,,,,,,,,,,,,,,,,,
10,Hilton Garden Inn Pensacola Downtown,To review,Hilton Garden Inn,Pensacola,FL,,,Hodges Ward Elliott,,Select-service,OM available,,Jun 24,,,,,,,,,,,,,,,,,,,,,,,,,,,,,,,,,
11,Home2 Suites Tallahassee State Capitol,Pass,Home2 Suites,Tallahassee,FL,,,Revere,,Extended-stay,Marketing (Tier 1 open),,Jun 2,,,,,,,,,,,,,,,,,,,,,,,,,,,,,,,,,
12,Home2 Suites by Hilton Destin,Pass,Home2 Suites,Destin,FL,112,,Cushman & Wakefield,,Extended-stay,★ Bhavnesh eval ~$185k/key,,May 13,Off-market,,,,,,,,,,,,,,,,,,,,,,,,,,,,,,,,
13,Hotel Maren (Curio Collection),Pass,Curio Collection,Fort Lauderdale,FL,,,Broker,,Full-service,★ Bhavnesh fwd - sign CA/UW,,Jun 16,Oceanfront; across from St. Regis; CFO 6/17,,,,,,,,,,,,,,,,,,,,,,,,,,,,,,,,
14,Hyatt Place Jacksonville St. Johns Town Center,Underwrite,Hyatt Place,Jacksonville,FL,,,Broker (OM avail),,Select-service,TPG call scheduled Jul 14,,Jun 29,On SLP select-service target list,,,,,,,,,,,,,,,,,,,,,,,,,,,,,,,,
15,Residence Inn Port St. Lucie,Underwrite,Residence Inn,Port St. Lucie,FL,125,$22-24M guidance,Hunter,,Extended-stay,CFO Jun 25 · Bhavnesh flagged,,Jun 11,★ Bhavnesh: dig in,,,,,,,,,,,,,,,,,,,,,,,,,,,,,,,,
16,SpringHill Suites Miami Airport S Blue Lagoon,To review,SpringHill Suites,Miami,FL,,,JLL,,Select-service,CFO Jul 10,,Jul 7,★ Bhavnesh: underwrite; ~$150k/key (JLL),,,,,,,,,,,,,,,,,,,,,,,,,,,,,,,,
17,SpringHill Suites Pensacola,Pass,SpringHill Suites,Pensacola,FL,,,JLL,,Select-service,CFO Jul 10,,Jun 23,,,,,,,,,,,,,,,,,,,,,,,,,,,,,,,,,
18,Staybridge Suites Orlando Royale Parc,Pass,Staybridge Suites,Orlando,FL,,,Hunter,,Extended-stay,Tours Jul 28-29,,Jul 1,,,,,,,,,,,,,,,,,,,,,,,,,,,,,,,,,
19,Courtyard by Marriott Brunswick,Pass,Courtyard,Brunswick,GA,93,,DDM Hotels,,Select-service,Final tours Jul 21,,Jul 6,,,,,,,,,,,,,,,,,,,,,,,,,,,,,,,,,
20,Embassy Suites Atlanta Galleria,Underwrite,Embassy Suites,Atlanta,GA,,,Hunter,,Full-service,CFO Aug 5; Tier 1 files open,,Jul 9,★ Bhavnesh: wants guidance | Bhavnesh flagged - wants guidance,,,,,,,,,,,,,,,,,,,,,,,,,,,,,,,,
21,Fairfield Inn & Suites Atlanta Stonecrest,Pass,Fairfield Inn,Stonecrest,GA,,,Revere,,Select-service,Marketing (Tier 1 open),,May 28,,,,,,,,,,,,,,,,,,,,,,,,,,,,,,,,,
22,Fairfield Inn Morrow,Pass,Fairfield Inn,Morrow,GA,92,"$17,000,000",Avison Young,,Select-service,Marketing (new build 2026),,May 27,ATL MSA,,,,,,,,,,,,,,,,,,,,,,,,,,,,,,,,
23,Four Points College Park Atlanta Airport,Pass,Four Points,College Park,GA,,,Hunter,,Select-service,Just listed,,Jun 23,,,,,,,,,,,,,,,,,,,,,,,,,,,,,,,,,
24,Hampton Inn Atlanta/Woodstock,Pass,Hampton Inn,Woodstock,GA,60,,DSH Hotel Advisors,,Select-service,For sale,,Jun 5,"$1.5M+ recent reno, off I-575",,,,,,,,,,,,,,,,,,,,,,,,,,,,,,,,
25,Home2 Suites Stockbridge,Pass,Home2 Suites,Stockbridge,GA,,,Broker,,Extended-stay,★ Bhavnesh fwd - lowball,,May 21,"ATL MSA, close by",,,,,,,,,,,,,,,,,,,,,,,,,,,,,,,,
26,Residence Inn Atlanta,Pass,Residence Inn,Atlanta,GA,131,,RealInsight,,Extended-stay,Marketing,,Jul 9,Value-add / operational upside,,,,,,,,,,,,,,,,,,,,,,,,,,,,,,,,
27,Staybridge Suites McDonough,Pass,Staybridge Suites,McDonough,GA,88,"$16,500,000",Avison Young,,Extended-stay,Just listed (new build),,Jun 15,,,,,,,,,,,,,,,,,,,,,,,,,,,,,,,,,
28,TownePlace Suites Savannah Midtown,Pass,TownePlace Suites,Savannah,GA,,,Hunter,,Extended-stay,Tours Jul 9,,Jun 30,,,,,,,,,,,,,,,,,,,,,,,,,,,,,,,,,
29,Courtyard Louisville Downtown,Pass,Courtyard,Louisville,KY,,,Hunter,,Select-service,Tours Jul 22-23,,Jul 9,★ Bhavnesh forwarded | Bhavnesh forwarded,,,,,,,,,,,,,,,,,,,,,,,,,,,,,,,,
30,Embassy Suites Cincinnati RiverCenter,Pass,Embassy Suites,Covington/Cincinnati,KY,,,Alchemy REA,,Full-service,Offers Jul 14 · Bhavnesh flagged,,Jul 1,★ Bhavnesh/Bhavin eval ~$10-12M,,,,,,,,,,,,,,,,,,,,,,,,,,,,,,,,
31,Hampton Inn & Suites Baton Rouge (HREC),Pass,Hampton Inn,Baton Rouge,LA,,,HREC,,Select-service,CFO Jun 25,,Jun 15,Distinct from Homewood BR,,,,,,,,,,,,,,,,,,,,,,,,,,,,,,,,
32,Hampton Inn Covington,Pass,Hampton Inn,Covington,LA,,,Hotel Brokers of America,,Select-service,Marketing (PIP complete),,Jun 19,,,,,,,,,,,,,,,,,,,,,,,,,,,,,,,,,
33,Hampton Inn Slidell,Pass,Hampton Inn,Slidell,LA,,,Hotel Brokers of America,,Select-service,Marketing,,Jun 18,Prime I-10,,,,,,,,,,,,,,,,,,,,,,,,,,,,,,,,
34,Holiday Inn Express & Suites New Orleans Airport S,Pass,Holiday Inn Express,New Orleans,LA,134,"$16,950,000",DSH Hotel Advisors,,Select-service,New price (3.68x),,Jun 4,$4.3M+ recent CapEx,,,,,,,,,,,,,,,,,,,,,,,,,,,,,,,,
35,Homewood Suites Baton Rouge,Pass,Homewood Suites,Baton Rouge,LA,115,,Hunter,,Extended-stay,Just listed,,Jul 8,Adjacent to LSU / OLOL medical,,,,,,,,,,,,,,,,,,,,,,,,,,,,,,,,
36,MOXY New Orleans Downtown/French Quarter,Pass,MOXY,New Orleans,LA,,,JLL,,Select-service,Tours,,Jun 15,,,,,,,,,,,,,,,,,,,,,,,,,,,,,,,,,
37,Candlewood Suites Flowood,Pass,Candlewood Suites,Flowood,MS,,,HREC,,Extended-stay,New listing,,Jul 1,,,,,,,,,,,,,,,,,,,,,,,,,,,,,,,,,
38,Dual-Brand Fairfield & TownePlace Suites Waveland,Pass,Fairfield/TownePlace,Waveland,MS,,,HREC,,Dual-brand,Marketing,,Jun 25,,,,,,,,,,,,,,,,,,,,,,,,,,,,,,,,,
39,Home2 Suites Memphis-Southaven,Pass,Home2 Suites,Southaven,MS,,,Hunter,,Extended-stay,CFO Jun 24,,Jun 15,,,,,,,,,,,,,,,,,,,,,,,,,,,,,,,,,
40,Homewood Suites Jackson - Ridgeland,Pass,Homewood Suites,Ridgeland,MS,,,HREC,,Extended-stay,Marketing,,Jun 30,"3rd-party operated, low basis/key",,,,,,,,,,,,,,,,,,,,,,,,,,,,,,,,
41,Meridian MS Hotel Package (Hampton + HGI),Pass,Hampton/HGI,Meridian,MS,,,Hilco Global,,Portfolio,CFO Jul 22,,Jun 24,,,,,,,,,,,,,,,,,,,,,,,,,,,,,,,,,
42,Staybridge Suites Flowood - NW Jackson,Pass,Staybridge Suites,Flowood,MS,97,,Marcus & Millichap,,Extended-stay,RFO,,Jun 18,RevPAR ~$87 TTM Apr'26,,,,,,,,,,,,,,,,,,,,,,,,,,,,,,,,
43,Courtyard Wilmington Wrightsville Beach,Pass,Courtyard,Wilmington,NC,,,Hunter,,Select-service,Tours Jun 25 / CFO Jul 7,,Jun 19,,,,,,,,,,,,,,,,,,,,,,,,,,,,,,,,,
44,Former Club Wyndham Fairfield Mtns Maple Ridge,Pass,Independent,Lake Lure,NC,68 units,,Hilco Global,,Resort,Bid deadline,,Jun 16,Lakefront turnkey conversion,,,,,,,,,,,,,,,,,,,,,,,,,,,,,,,,
45,Hampton Inn Asheboro,Pass,Hampton Inn,Asheboro,NC,,,Alchemy REA,,Select-service,Offers due Jul 1,,Jun 18,Institutionally owned,,,,,,,,,,,,,,,,,,,,,,,,,,,,,,,,
46,Hilton Garden Inn Wilmington Mayfaire Town Center,Pass,Hilton Garden Inn,Wilmington,NC,,,Revere,,Select-service,Marketing (Tier 1 open),,Jun 2,,,,,,,,,,,,,,,,,,,,,,,,,,,,,,,,,
47,Holiday Inn Express Asheville Woodfin,To review,Holiday Inn Express,Asheville,NC,109,,DDM Hotels,,Select-service,Tours Jun 30 / offers Jul 31,,Jun 10,Newly constructed,,,,,,,,,,,,,,,,,,,,,,,,,,,,,,,,
48,Residence Inn / Fairfield Inn & Suites Charlotte Airport,To review,Residence Inn / Fairfield,Charlotte,NC,,$36M guidance,JLL,,Portfolio,★ SLP BID ~$34.5M R1,,May 12,CFO May 14; John Testerman/Alex Payne,,,,,,,,,,,,,,,,,,,,,,,,,,,,,,,,
49,Homewood Suites Pittsburgh Downtown,Pass,Homewood Suites,Pittsburgh,PA,,,CBRE,,Extended-stay,CFO was TODAY Jul 16,,Jul 6,★ Bhavnesh: get more info | Offered individually,,,,,,,,,,,,,,,,,,,,,,,,,,,,,,,,
50,Staybridge Suites Myrtle Beach West,Pass,Staybridge Suites,Myrtle Beach,SC,119,,DDM Hotels,,Extended-stay,Tours Aug 12; offers due Aug 21,,Jun 30,,,,,,,,,,,,,,,,,,,,,,,,,,,,,,,,,
51,Staybridge Suites North Charleston,Pass,Staybridge Suites,Charleston,SC,93,,DDM Hotels,,Extended-stay,Back on market,,Jun 1,Fully renovated,,,,,,,,,,,,,,,,,,,,,,,,,,,,,,,,
52,aloft Columbia Harbison,Pass,Aloft,Columbia,SC,,,HREC,,Select-service,CFO round 2 Jun 15,,Jun 15,,,,,,,,,,,,,,,,,,,,,,,,,,,,,,,,,
53,Aloft Nashville Airport,Pass,Aloft,Nashville,TN,,,HREC,,Select-service,Marketing,,Jun 30,Turnkey Marriott,,,,,,,,,,,,,,,,,,,,,,,,,,,,,,,,
54,Moxy Knoxville Downtown,Pass,Moxy,Knoxville,TN,,,Capstaq,,Select-service,★ Bhavnesh/AJ evaluating,,May 29,Embassy comp ~$199 RevPAR; refi-driven returns,,,,,,,,,,,,,,,,,,,,,,,,,,,,,,,,
55,Staybridge Suites Memphis-Poplar Ave East,Pass,Staybridge Suites,Memphis,TN,,,CBRE,,Extended-stay,CFO Jul 23,,Jul 6,,,,,,,,,,,,,,,,,,,,,,,,,,,,,,,,,
56,Home2 Suites Austin/Round Rock,Pass,Home2 Suites,Round Rock,TX,,,Hodges Ward Elliott,,Extended-stay,★ Bhavnesh fwd - look into,,May 18,Reduced guidance; ground-lease buyout; lender pressure,,,,,,,,,,,,,,,,,,,,,,,,,,,,,,,,
57,Homewood Suites Dallas-DFW Airport N-Grapevine,Pass,Homewood Suites,Grapevine,TX,,,HREC,,Extended-stay,CFO Thu Jul 30,"Jul 30, 2026",Jul 3,★ Bhavnesh: possible upside,,,,,,,,,,,,,,,,,,,,,,,,,,,,,,,,
58,Fairfield Inn & Suites South Hill,Pass,Fairfield Inn,South Hill,VA,,,Alchemy REA,,Select-service,Offers due Jul 1,,Jun 26,,,,,,,,,,,,,,,,,,,,,,,,,,,,,,,,,
59,Hampton Inn Emporia,Pass,Hampton Inn,Emporia,VA,,,Alchemy REA,,Select-service,Offers due Jul 1,,Jun 29,,,,,,,,,,,,,,,,,,,,,,,,,,,,,,,,,
60,Residence Inn Charlottesville Downtown,Pass,Residence Inn,Charlottesville,VA,,,CBRE,,Extended-stay,CFO was TODAY Jul 16,,Jul 6,★ Bhavnesh: get more info | Offered individually,,,,,,,,,,,,,,,,,,,,,,,,,,,,,,,,
61,Sheraton Norfolk,Pass,Sheraton,Norfolk,VA,,,Crestline (pro forma),,Full-service,★ Bhavnesh fwd - UW,,Jul 9,CHR pro forma shared,,,,,,,,,,,,,,,,,,,,,,,,,,,,,,,,
62,Autograph Collection Midwest Portfolio,Pass,Autograph Collection,Midwest,,,,Avison Young,,Portfolio,Tours Jun 8-17,,May 29,,,,,,,,,,,,,,,,,,,,,,,,,,,,,,,,,
63,Dual-Brand Hotel Dev (Prime Airport),Pass,-,,,,,Allred Hotel Group,,Development site,For sale,,Jun 20,,,,,,,,,,,,,,,,,,,,,,,,,,,,,,,,,
64,Pad-Ready Marriott Dev Site (95-key TownePlace),Pass,-,,,95,$1.4M guidance,HVS,,Development site,New listing,,May 28,,,,,,,,,,,,,,,,,,,,,,,,,,,,,,,,,
65,Shovel-Ready Home2/Hyatt Place Development,Pass,-,,,116,,Avison Young,,Development site,Fully permitted (key money),,Jun 4,Home2 Suites ~116 keys,,,,,,,,,,,,,,,,,,,,,,,,,,,,,,,,
66,TownePlace Suites by Marriott (HBA),Pass,TownePlace Suites,,,,,Hotel Brokers of America / Revere,,Extended-stay,Just listed,,Jun 12,Location behind CA,,,,,,,,,,,,,,,,,,,,,,,,,,,,,,,,
67,Turnkey Hilton Dev Site (99-key Home2),Pass,-,,,99,$1.5M guidance,HVS,,Development site,New listing,,Jun 3,Turnkey Home2 Suites site,,,,,,,,,,,,,,,,,,,,,,,,,,,,,,,,
68,DoubleTree Birmingham Perimeter Park,Pass,DoubleTree,Birmingham,AL,,,HREC,,Full-service,New listing,,Jun 8,Consistent RevPAR leader,,,,,,,,,,,,,,,,,,,,,,,,,,,,,,,,
69,Holiday Inn Express & Suites Forrest City,Pass,Holiday Inn Express,Forrest City,AR,82,"$10,500,000",Marcus & Millichap,,Select-service,New listing,,Jul 7,RevPAR ~$92 TTM May'26,,,,,,,,,,,,,,,,,,,,,,,,,,,,,,,,
70,DoubleTree Suites Tucson Williams Center,Pass,DoubleTree,Tucson,AZ,,,Cushman & Wakefield / Revere,,Extended-stay,OM posted,,Jun 24,,,,,,,,,,,,,,,,,,,,,,,,,,,,,,,,,
71,Home2 Suites Scottsdale Old Town,Pass,Home2 Suites,Scottsdale,AZ,,,Cushman & Wakefield / Revere,,Extended-stay,CFO Jun 10,,Jun 8,,,,,,,,,,,,,,,,,,,,,,,,,,,,,,,,,
72,Hyatt Place Flagstaff,Pass,Hyatt Place,Flagstaff,AZ,,,Allred Hotel Group,,Select-service,Inviting offers,,Jul 3,"New build, walk to university",,,,,,,,,,,,,,,,,,,,,,,,,,,,,,,,
73,Moxy Phoenix Tempe / ASU Area,Pass,Moxy,Tempe,AZ,,,Cushman & Wakefield / Revere,,Select-service,CFO Jun 10,,Jun 9,,,,,,,,,,,,,,,,,,,,,,,,,,,,,,,,,
74,Sonesta ES Suites Tucson,Pass,Sonesta ES Suites,Tucson,AZ,,,HREC,,Extended-stay,Price reduction,,Jun 1,,,,,,,,,,,,,,,,,,,,,,,,,,,,,,,,,
75,Aloft Mountain View,Pass,Aloft,Mountain View,CA,,,CBRE,,Select-service,Initial offers Aug 6,,Jul 8,Strong YoY RevPAR,,,,,,,,,,,,,,,,,,,,,,,,,,,,,,,,
76,Coachella Luxury Wellness Resort Dev (Alila/Hyatt),Pass,-,Coachella,CA,,,Avison Young,,Development site,Offering,,Jul 3,Branded residential option,,,,,,,,,,,,,,,,,,,,,,,,,,,,,,,,
77,Courtyard Palmdale,Pass,Courtyard,Palmdale,CA,,,HREC (Crexi),,Select-service,Auction (separate),,Jul 8,,,,,,,,,,,,,,,,,,,,,,,,,,,,,,,,,
78,Disneyland Anaheim GardenWalk Hotel Site,Pass,-,Anaheim,CA,,,Avison Young,,Development site,Fully entitled,,Jul 7,,,,,,,,,,,,,,,,,,,,,,,,,,,,,,,,,
79,DoubleTree Hotel Sonoma Wine Country,Pass,DoubleTree,Rohnert Park,CA,,,JLL,,Full-service,CFO Jul 17,,Jun 16,,,,,,,,,,,,,,,,,,,,,,,,,,,,,,,,,
80,Fairfield & Aloft El Segundo LAX,Pass,Fairfield/Aloft,El Segundo,CA,,,CBRE,,Portfolio (+dev),CFO Jun 30,,Jun 18,Hotel & development opp,,,,,,,,,,,,,,,,,,,,,,,,,,,,,,,,
81,Fairfield Inn & Suites (Central California),Pass,Fairfield Inn,Central CA,CA,,,Allred Hotel Group,,Select-service,Just listed,,Jul 7,,,,,,,,,,,,,,,,,,,,,,,,,,,,,,,,,
82,Fairfield Inn Tracy,Pass,Fairfield Inn,Tracy,CA,,,HREC (Crexi),,Select-service,Auction / tours next wk,,Jul 8,Must acquire w/ Hampton,,,,,,,,,,,,,,,,,,,,,,,,,,,,,,,,
83,Fairfield Inn Vacaville,Pass,Fairfield Inn,Vacaville,CA,,,HREC (Crexi),,Select-service,Auction / tours next wk,,Jul 9,,,,,,,,,,,,,,,,,,,,,,,,,,,,,,,,,
84,Hampton Inn Tracy,Pass,Hampton Inn,Tracy,CA,,,HREC (Crexi),,Select-service,Auction / tours next wk,,Jul 8,Must acquire w/ Fairfield,,,,,,,,,,,,,,,,,,,,,,,,,,,,,,,,
85,Hilton Garden Inn Gilroy,Pass,Hilton Garden Inn,Gilroy,CA,,,Revere,,Select-service,Marketing (Tier 1 open),,Jun 1,,,,,,,,,,,,,,,,,,,,,,,,,,,,,,,,,
86,Napa-Adjacent Golf Course / Hotel Dev,Pass,-,Napa area,CA,,,Cushman & Wakefield / Revere,,Development site,Free land opportunity,,Jun 30,,,,,,,,,,,,,,,,,,,,,,,,,,,,,,,,,
87,Residence Inn Palmdale,Pass,Residence Inn,Palmdale,CA,,,HREC (Crexi),,Extended-stay,Auction (separate),,Jul 8,,,,,,,,,,,,,,,,,,,,,,,,,,,,,,,,,
88,Residence Inn San Ramon,Pass,Residence Inn,San Ramon,CA,106,,JLL,,Extended-stay,CFO Jul 28,,Jul 1,,,,,,,,,,,,,,,,,,,,,,,,,,,,,,,,,
89,Residence Inn Vacaville,Pass,Residence Inn,Vacaville,CA,,,HREC (Crexi),,Extended-stay,Auction / tours next wk,,Jul 9,Sold w/ Fairfield (2-pack option),,,,,,,,,,,,,,,,,,,,,,,,,,,,,,,,
90,San Diego Little Italy Dual-Brand Hotel Site,Pass,-,San Diego,CA,291,,Avison Young,,Development site,Fully entitled,,Jun 12,Pre-built parking; mixed-use option,,,,,,,,,,,,,,,,,,,,,,,,,,,,,,,,
91,Fairfield Inn & Suites Denver Airport,Pass,Fairfield Inn,Denver,CO,,,Hunter,,Select-service,Just listed,,Jun 22,,,,,,,,,,,,,,,,,,,,,,,,,,,,,,,,,
92,Holiday Inn & Suites Denver Tech Center,Pass,Holiday Inn,Centennial,CO,,,CBRE,,Full-service,Marketing,,Jun 25,,,,,,,,,,,,,,,,,,,,,,,,,,,,,,,,,
93,Holiday Inn Express & Suites Limon I-70,Pass,Holiday Inn Express,Limon,CO,,,CBRE,,Select-service,Marketing,,Jun 24,,,,,,,,,,,,,,,,,,,,,,,,,,,,,,,,,
94,Hyatt Centric Downtown Denver,Pass,Hyatt Centric,Denver,CO,,,CBRE,,Full-service,CFO Jun 9,,Jun 4,,,,,,,,,,,,,,,,,,,,,,,,,,,,,,,,,
95,Hyatt House Denver Airport,Pass,Hyatt House,Denver,CO,,,HREC,,Extended-stay,Tours & CFO announced,,Jun 23,,,,,,,,,,,,,,,,,,,,,,,,,,,,,,,,,
96,SpringHill Suites Denver Airport,Pass,SpringHill Suites,Denver,CO,,,Hunter,,Select-service,CFO Wed Jul 29,"Jul 29, 2026",Jun 12,,,,,,,,,,,,,,,,,,,,,,,,,,,,,,,,,
97,Hilton Garden Inn Milford,Pass,Hilton Garden Inn,Milford,CT,,,JLL,,Select-service,CFO Jul 21,,Jul 9,,,,,,,,,,,,,,,,,,,,,,,,,,,,,,,,,
98,Homewood Suites Southington,Pass,Homewood Suites,Southington,CT,,,Hunter,,Extended-stay,CFO Jun 30,,Jun 24,,,,,,,,,,,,,,,,,,,,,,,,,,,,,,,,,
99,Arya Hotel & Suites Coconut Grove,Pass,Independent,Coconut Grove,FL,,,Hunter,,Boutique,CFO Jun 25,,Jun 8,,,,,,,,,,,,,,,,,,,,,,,,,,,,,,,,,
100,Confidential listing (Crestview-FWB-Destin),Pass,Confidential,Crestview / Destin,FL,60+,,DSH Hotel Advisors,,Independent,Tour Jul 11,,Jul 8,,,,,,,,,,,,,,,,,,,,,,,,,,,,,,,,,
101,Crowne Plaza Orlando Lake Buena Vista,Pass,Crowne Plaza,Orlando,FL,,,Hunter,,Full-service,Tours Jul 28-29,,Jul 1,,,,,,,,,,,,,,,,,,,,,,,,,,,,,,,,,
102,"Daytona Beach Hotel (oceanfront, lender-owned)",Pass,Independent,Daytona Beach,FL,110,,Alchemy REA,,Resort,Tours Jul 21-22,,Jul 2,$1.9M structural work done,,,,,,,,,,,,,,,,,,,,,,,,,,,,,,,,
103,Former Americano Beach Resort Daytona Beach,Pass,Independent,Daytona Beach,FL,160+,,Avison Young,,Resort,Offers due Jul 22,,Jul 7,3.36 ac; Hilton branding option,,,,,,,,,,,,,,,,,,,,,,,,,,,,,,,,
104,Hampton Inn by Hilton Panama City Dev Site,Pass,-,Panama City,FL,,,HREC,,Development site,Offering,,Jun 1,,,,,,,,,,,,,,,,,,,,,,,,,,,,,,,,,
105,Holiday Inn Resort Daytona Beach Oceanfront,Pass,Holiday Inn,Daytona Beach,FL,,,HREC (Crexi),,Resort,Auction Jul 20-22,,Jun 16,,,,,,,,,,,,,,,,,,,,,,,,,,,,,,,,,
106,Holiday Inn Tallahassee E Capitol - Univ,Pass,Holiday Inn,Tallahassee,FL,,,JLL,,Full-service,CFO Jun 16,,Jun 15,"2018 build, 6 min to Capitol",,,,,,,,,,,,,,,,,,,,,,,,,,,,,,,,
107,Kissimmee Hotel/Resort/Apartment Site,Pass,-,Kissimmee,FL,,,HREC,,Development site,Offering,,Jul 9,,,,,,,,,,,,,,,,,,,,,,,,,,,,,,,,,
108,Piper Beach Resort (Autograph Collection),Pass,Autograph Collection,Perdido Key,FL,,,HREC,,Resort (dev),Equity term sheets Jul 15,,Jun 19,Development / equity raise,,,,,,,,,,,,,,,,,,,,,,,,,,,,,,,,
109,The Westshore Grand (Tribute),Pass,Tribute,Tampa,FL,,,JLL,,Full-service,Best & final CFO,,Jun 1,,,,,,,,,,,,,,,,,,,,,,,,,,,,,,,,,
110,Atlanta Marriott Perimeter Center,Pass,Marriott,Atlanta,GA,,,Hunter,,Full-service,Just listed,,Jun 9,,,,,,,,,,,,,,,,,,,,,,,,,,,,,,,,,
111,Embassy Suites Atlanta Airport North,Pass,Embassy Suites,Atlanta,GA,178,"$60,000,000",Avison Young,,Full-service,Marketing (new build),,Jun 2,,,,,,,,,,,,,,,,,,,,,,,,,,,,,,,,,
112,TRYP by Wyndham Savannah,Pass,TRYP,Savannah,GA,,"$25,000,000",Avison Young,,Boutique,CFO Jun 19,,Jun 15,,,,,,,,,,,,,,,,,,,,,,,,,,,,,,,,,
113,Fairfield Inn & Suites Urbandale,Pass,Fairfield Inn,Urbandale,IA,89,,CBRE,,Select-service,Marketing,,Jul 7,,,,,,,,,,,,,,,,,,,,,,,,,,,,,,,,,
114,Holiday Inn & Suites Des Moines Northwest,Pass,Holiday Inn,Urbandale,IA,,,HREC,,Full-service,Branding optionality,,Jul 1,Flag expires early 2027,,,,,,,,,,,,,,,,,,,,,,,,,,,,,,,,
115,TownePlace Suites Ames (+ dev site),Pass,TownePlace Suites,Ames,IA,,,CBRE,,Extended-stay,Marketing,,Jul 7,Fee simple + 2.49 ac dev site,,,,,,,,,,,,,,,,,,,,,,,,,,,,,,,,
116,Lewiston ID Three-Hotel Portfolio,Pass,Multiple,Lewiston,ID,,,HREC,,Portfolio,CFO,,Jun 8,,,,,,,,,,,,,,,,,,,,,,,,,,,,,,,,,
117,Antioch Hotel & Suites,Pass,Independent,Antioch,IL,68,,Marcus & Millichap,,Independent,RFO (conversion opps),,Jun 24,,,,,,,,,,,,,,,,,,,,,,,,,,,,,,,,,
118,Candlewood Suites Peoria at Grand Prairie,Pass,Candlewood Suites,Peoria,IL,,,CBRE,,Extended-stay,Tours,,Jun 11,,,,,,,,,,,,,,,,,,,,,,,,,,,,,,,,,
119,Courtyard Chicago Arlington Heights/South,Pass,Courtyard,Arlington Heights,IL,147,,Marcus & Millichap,,Select-service,RFO,,Jun 1,Chicago MSA,,,,,,,,,,,,,,,,,,,,,,,,,,,,,,,,
120,Courtyard Chicago Deerfield,Pass,Courtyard,Deerfield,IL,131,,Marcus & Millichap,,Select-service,RFO,,May 29,Chicago MSA,,,,,,,,,,,,,,,,,,,,,,,,,,,,,,,,
121,Courtyard Rockford,Pass,Courtyard,Rockford,IL,147,,Marcus & Millichap,,Select-service,RFO,,May 28,Chicago MSA,,,,,,,,,,,,,,,,,,,,,,,,,,,,,,,,
122,Embassy Suites Chicago Lombard Oak Brook,Pass,Embassy Suites,Lombard,IL,,,Hunter,,Full-service,CFO Jul 15,,Jul 9,,,,,,,,,,,,,,,,,,,,,,,,,,,,,,,,,
123,Hampton Inn & Suites Bridgeview Chicago,Pass,Hampton Inn,Bridgeview,IL,,,HREC,,Select-service,Tours upon request,,Jul 7,,,,,,,,,,,,,,,,,,,,,,,,,,,,,,,,,
124,Holiday Inn Express Crestwood,Pass,Holiday Inn Express,Crestwood,IL,123,,Marcus & Millichap,,Select-service,RFO (fully renovated),,Jun 11,,,,,,,,,,,,,,,,,,,,,,,,,,,,,,,,,
125,Holiday Inn Rock Island - Quad Cities,Pass,Holiday Inn,Rock Island,IL,,,HREC,,Full-service,Branding optionality,,Jul 2,Flag expires Mar 2027,,,,,,,,,,,,,,,,,,,,,,,,,,,,,,,,
126,Fairfield Inn & Suites Indianapolis Fishers,Pass,Fairfield Inn,Fishers,IN,99,,Marcus & Millichap,,Select-service,RFO (renovated 2026),,Jun 8,,,,,,,,,,,,,,,,,,,,,,,,,,,,,,,,,
127,Hampton Inn & Suites Kokomo,Pass,Hampton Inn,Kokomo,IN,,,CBRE,,Select-service,Tours available,,Jun 29,,,,,,,,,,,,,,,,,,,,,,,,,,,,,,,,,
128,Hampton Inn by Hilton Bedford,Pass,Hampton Inn,Bedford,IN,,,CBRE,,Select-service,CFO Jul 16,,Jul 7,2021 build,,,,,,,,,,,,,,,,,,,,,,,,,,,,,,,,
129,Holiday Inn Indianapolis Carmel,Pass,Holiday Inn,Carmel,IN,171,,Marcus & Millichap,,Full-service,RFO (conversion),,Jun 3,,,,,,,,,,,,,,,,,,,,,,,,,,,,,,,,,
130,Home2 Suites Indianapolis Keystone Crossing,Pass,Home2 Suites,Indianapolis,IN,124,,Marcus & Millichap,,Extended-stay,RFO,,Jun 2,RevPAR ~$89 TTM Mar'26,,,,,,,,,,,,,,,,,,,,,,,,,,,,,,,,
131,Staybridge Suites Indianapolis Downtown,Pass,Staybridge Suites,Indianapolis,IN,,,CBRE,,Extended-stay,Price reduced,,Jul 6,Lucas Oil Stadium,,,,,,,,,,,,,,,,,,,,,,,,,,,,,,,,
132,TownePlace Suites Indianapolis Airport,Pass,TownePlace Suites,Indianapolis,IN,,,CBRE,,Extended-stay,CFO Jul 9,,Jul 1,2021 build,,,,,,,,,,,,,,,,,,,,,,,,,,,,,,,,
133,Fairfield Inn & Suites Hutchinson,Pass,Fairfield Inn,Hutchinson,KS,,,Leisure / Revere,,Select-service,Change-of-ownership PIP (minimal),,Jun 25,,,,,,,,,,,,,,,,,,,,,,,,,,,,,,,,,
134,TownePlace Suites Dodge City,Pass,TownePlace Suites,Dodge City,KS,120,"$10,700,000",Marcus & Millichap,,Extended-stay,New listing (~$89k/key),,Jun 9,,,,,,,,,,,,,,,,,,,,,,,,,,,,,,,,,
135,172-Key Redevelopment (Baton Rouge),Pass,Independent,Baton Rouge,LA,172,,NewGen Advisory,,Redevelopment,Price reduced,,Jun 9,,,,,,,,,,,,,,,,,,,,,,,,,,,,,,,,,
136,Confidential Listing (North Louisiana),Pass,Confidential,North Louisiana,LA,,,DSH Hotel Advisors,,Independent,Tours Jun 30-Jul 1,,Jun 19,Modern construction,,,,,,,,,,,,,,,,,,,,,,,,,,,,,,,,
137,The Whitney Hotel,Pass,Independent,New Orleans,LA,,,HREC,,Boutique,Back on market / price cut / CFO,,Jul 9,,,,,,,,,,,,,,,,,,,,,,,,,,,,,,,,,
138,907 Main Hotel (Cambridge/Boston),Pass,Independent,Cambridge,MA,,,Avison Young,,Boutique,Marketing,,Jul 7,Tribute conversion; adj. MIT,,,,,,,,,,,,,,,,,,,,,,,,,,,,,,,,
139,Hotel Downstreet,Pass,Independent,North Adams,MA,90,,JLL,,Boutique,CFO Jun 17,,May 27,,,,,,,,,,,,,,,,,,,,,,,,,,,,,,,,,
140,Residence Inn West Springfield,Pass,Residence Inn,West Springfield,MA,,,HREC,,Extended-stay,Tours Jun 23-25,,Jun 16,,,,,,,,,,,,,,,,,,,,,,,,,,,,,,,,,
141,Aloft by Marriott BWI Airport,Pass,Aloft,Linthicum Heights,MD,,,JLL,,Select-service,CFO Jun 19,,Jun 9,T3 rev +16.9%,,,,,,,,,,,,,,,,,,,,,,,,,,,,,,,,
142,Courtyard Baltimore Downtown Inner Harbor,Pass,Courtyard,Baltimore,MD,,,Hunter,,Select-service,Tours Jul 21 / CFO Aug 4,,Jul 7,,,,,,,,,,,,,,,,,,,,,,,,,,,,,,,,,
143,EVEN Hotel Rockville - Washington DC,Pass,EVEN (IHG),Rockville,MD,,,JLL,,Select-service,CFO Jul 21,,Jul 8,,,,,,,,,,,,,,,,,,,,,,,,,,,,,,,,,
144,Hampton Inn & Suites Arundel Mills/Baltimore,Pass,Hampton Inn,Baltimore,MD,,,JLL,,Select-service,CFO Jul 21 (was Jul 14),,Jul 9,,,,,,,,,,,,,,,,,,,,,,,,,,,,,,,,,
145,Solomons Inn Resort & Marina,Pass,Independent,Solomons,MD,,,JLL,,Resort,Tours Jul 14,,Jul 6,,,,,,,,,,,,,,,,,,,,,,,,,,,,,,,,,
146,Upper Marlboro MD Hotel Dev Site,Pass,-,Upper Marlboro,MD,,,HREC,,Development site,Marketing,,Jun 4,"Suburban DC, Capital Beltway",,,,,,,,,,,,,,,,,,,,,,,,,,,,,,,,
147,Hilton Garden Inn Benton Harbor,Pass,Hilton Garden Inn,Benton Harbor,MI,106,,Sohi / Revere,,Select-service,Call for offers,,Jun 23,"Recently renovated, minimal PIP",,,,,,,,,,,,,,,,,,,,,,,,,,,,,,,,
148,Off-Market Western Michigan Hotel,Pass,Independent,Western Michigan,MI,70+,,Sohi Group,,Independent,Off-market,,Jun 19,"14%+ cap, USDA eligible",,,,,,,,,,,,,,,,,,,,,,,,,,,,,,,,
149,Stefan's R&R Resort,Pass,Independent,Greenbush,MI,24,,Sohi Group,,Resort,Marketing (seller financing),,Jun 19,"Lake Huron, 300+ ft frontage",,,,,,,,,,,,,,,,,,,,,,,,,,,,,,,,
150,DoubleTree by Hilton Minneapolis - Park Place,Pass,DoubleTree,Minneapolis,MN,,,HREC,,Full-service,Tours available,,Jul 1,,,,,,,,,,,,,,,,,,,,,,,,,,,,,,,,,
151,DoubleTree by Hilton St. Paul Downtown,Pass,DoubleTree,St. Paul,MN,,,HREC,,Full-service,Tours available,,Jul 2,,,,,,,,,,,,,,,,,,,,,,,,,,,,,,,,,
152,InterContinental Saint Paul Riverfront,Pass,InterContinental,St. Paul,MN,,,HREC,,Full-service,Tours available,,Jul 1,,,,,,,,,,,,,,,,,,,,,,,,,,,,,,,,,
153,avid hotel Roseville - Minneapolis North,Pass,avid,Roseville,MN,,,HREC,,Select-service,CFO Jul 16,,Jul 8,,,,,,,,,,,,,,,,,,,,,,,,,,,,,,,,,
154,AC Hotel Kansas City Plaza / Westport,Pass,AC Hotel,Kansas City,MO,,,JLL,,Select-service,1st-round CFO Jul 10,,Jul 7,,,,,,,,,,,,,,,,,,,,,,,,,,,,,,,,,
155,DoubleTree by Hilton St. Louis Forest Park,Pass,DoubleTree,St. Louis,MO,219,,JLL,,Full-service,Investment opportunity,,Jun 4,,,,,,,,,,,,,,,,,,,,,,,,,,,,,,,,,
156,Former Club Wyndham Branson at the Falls,Pass,Independent,Branson,MO,54 units,,Hilco Global,,Redevelopment,Bids due Jun 18,,Jun 15,MF/condo redev,,,,,,,,,,,,,,,,,,,,,,,,,,,,,,,,
157,Staybridge Suites Columbia-Hwy 63 & I-70,Pass,Staybridge Suites,Columbia,MO,80,"$11,000,000",Marcus & Millichap,,Extended-stay,New listing,,Jun 26,RevPAR ~$121 TTM Apr'26,,,,,,,,,,,,,,,,,,,,,,,,,,,,,,,,
158,Gulfport 3-Hotel Portfolio,Underwrite,Hampton / Home2 / SpringHill,Gulfport,MS,347,,HREC,Barry Swanson · (404) 626-4607 · bswanson@hrec.com,Portfolio (3),Marketing,—,Jun 9,"★ FLAG: OM Highlight #1 claims all 3 overperforming budget — 2025 P&Ls show all 3 MISSED: -$584,519 (-4.6%). 2026 budget $13.1M is +7.3% over 2025 ACTUAL. RGI falling at Hampton (-1.4%) & SpringHill (-3.6%); only Home2 gaining (+6.9%). Dec-25 rev -11% vs budget (Home2 -30%). NOI is post 3% mgmt + 4% reserve. At $39M: $112,392/key, 11.19% cap.","15580 / 15600 / 15610 Daniel Blvd, Gulfport, MS 39503",2014 / 2016 / 2019,Home2 2024 (confirm),Anchor Development LLC,Ascent Hospitality Mgmt (unencumbered),Leasehold,Harrison County School District (88.9 AC),"Aug 4, 2054 + (1) 25-yr option → 2079","$126,857 (1.0% of rev; CPI cap 5%)","$11,973,820",$0,"$283,242","$12,257,062","$5,862,296","$4,364,918",76.8%,$122.88,$94.35,124.2 (key-wtd),467 / 345 / 553,"$39,000,000",LOI drafted,,Unencumbered — seller debt not assumable,,,Unencumbered of mgmt & debt,AJ,Bhavnesh: tie down Gulfport. Ask HREC for 2026 YTD actuals.,,,
159,Hilton Jackson,Pass,Hilton,Jackson/Ridgeland,MS,,,HREC,,Full-service,Auction underway,,Jun 23,,,,,,,,,,,,,,,,,,,,,,,,,,,,,,,,,
160,Holiday Inn Meridian,Pass,Holiday Inn,Meridian,MS,121,,Hilco Global,,Full-service,CFO Jul 22,,Jun 24,,,,,,,,,,,,,,,,,,,,,,,,,,,,,,,,,
161,Marriott Portfolio - Hattiesburg (2 assets),Pass,Marriott,Hattiesburg,MS,,,Avison Young,,Portfolio,10+ cap,,Jul 7,Two Marriott-branded,,,,,,,,,,,,,,,,,,,,,,,,,,,,,,,,
162,DoubleTree by Hilton Winston Salem University,Pass,DoubleTree,Winston Salem,NC,,,DDM Hotels,,Full-service,Final tours & offers due,,May 27,,,,,,,,,,,,,,,,,,,,,,,,,,,,,,,,,
163,Mountainaire Inn & Log Cabins (Blowing Rock),Pass,Independent,Blowing Rock,NC,17,,Hodges Ward Elliott,,Boutique,Marketing,,Jul 7,Blue Ridge Mtn portfolio,,,,,,,,,,,,,,,,,,,,,,,,,,,,,,,,
164,The Mountaineer Inn Asheville,Pass,Independent,Asheville,NC,76,,DDM Hotels,,Independent,Back on market (special servicer),,Jul 6,Value-add reposition,,,,,,,,,,,,,,,,,,,,,,,,,,,,,,,,
165,Courtyard Bismarck,Pass,Courtyard,Bismarck,ND,,,Alchemy REA,,Select-service,Offers due Jul 1,,Jun 27,,,,,,,,,,,,,,,,,,,,,,,,,,,,,,,,,
166,Holiday Inn Express Fargo - West Acres,Pass,Holiday Inn Express,Fargo,ND,,,HREC,,Select-service,CFO Jul 16,,Jul 6,,,,,,,,,,,,,,,,,,,,,,,,,,,,,,,,,
167,Courtyard Montvale,Pass,Courtyard,Montvale,NJ,,,Hunter,,Select-service,CFO Jun 11,,Jun 2,,,,,,,,,,,,,,,,,,,,,,,,,,,,,,,,,
168,Hilton Garden Inn Mount Holly / Westampton,Pass,Hilton Garden Inn,Mount Holly,NJ,113,,Avison Young,,Select-service,Marketing,,Jul 7,S NJ / Greater Philly,,,,,,,,,,,,,,,,,,,,,,,,,,,,,,,,
169,Residence Inn Mount Laurel,Pass,Residence Inn,Mount Laurel,NJ,,,Alchemy REA,,Extended-stay,Tours Jun 16-17,,Jun 10,,,,,,,,,,,,,,,,,,,,,,,,,,,,,,,,,
170,Residence Inn Neptune at Gateway Centre,Pass,Residence Inn,Neptune Twp,NJ,,,JLL,,Extended-stay,CFO Jul 14,,Jun 24,,,,,,,,,,,,,,,,,,,,,,,,,,,,,,,,,
171,Fairfield Inn & Suites Gallup,Pass,Fairfield Inn,Gallup,NM,,,Hunter,,Select-service,CFO Jun 18,,Jun 10,,,,,,,,,,,,,,,,,,,,,,,,,,,,,,,,,
172,Hilton Garden Inn Albuquerque North Rio Rancho,Pass,Hilton Garden Inn,Rio Rancho,NM,,,Hunter,,Select-service,Just listed,,Jun 3,,,,,,,,,,,,,,,,,,,,,,,,,,,,,,,,,
173,Courtyard by Marriott Reno,Pass,Courtyard,Reno,NV,,,JLL,,Select-service,CFO Jul 17,,Jul 1,,,,,,,,,,,,,,,,,,,,,,,,,,,,,,,,,
174,Extended-Stay Dev Site Latham (Albany),Pass,-,Latham,NY,,,HREC,,Development site,Offering,,Jun 1,Albany Airport,,,,,,,,,,,,,,,,,,,,,,,,,,,,,,,,
175,Holiday Inn Express Hauppauge - Long Island,Pass,Holiday Inn Express,Hauppauge,NY,,,CBRE,,Select-service,CFO Jul 9,,Jul 6,,,,,,,,,,,,,,,,,,,,,,,,,,,,,,,,,
176,Home2 Suites Rochester / Greece,Pass,Home2 Suites,Rochester,NY,,,Avison Young,,Extended-stay,Marketing,,May 29,,,,,,,,,,,,,,,,,,,,,,,,,,,,,,,,,
177,The Dorm Hotel,Pass,Independent,Ithaca,NY,,,JLL,,Boutique,CFO Jun 5,,May 28,,,,,,,,,,,,,,,,,,,,,,,,,,,,,,,,,
178,The Lux Hotel & Conf Center (Ascend),Pass,Ascend Collection,,NY,,,Hunter,,Full-service,Auction / tours Jun 24-25,,Jun 4,,,,,,,,,,,,,,,,,,,,,,,,,,,,,,,,,
179,Westgate Hotel New York Grand Central,Pass,Independent,New York,NY,,,Avison Young,,Boutique,Marketing,,Jul 7,Unencumbered; hotel or resi,,,,,,,,,,,,,,,,,,,,,,,,,,,,,,,,
180,Hampton Inn & Suites Columbus Scioto Downs,Pass,Hampton Inn,Lockbourne,OH,,,HREC,,Select-service,CFO Jun 10,,Jun 8,,,,,,,,,,,,,,,,,,,,,,,,,,,,,,,,,
181,Homewood Suites Dayton South,Pass,Homewood Suites,Miamisburg,OH,96,,Hunter,,Extended-stay,Just listed,,Jul 7,I-75/I-675 interchange,,,,,,,,,,,,,,,,,,,,,,,,,,,,,,,,
182,Staybridge Suites Columbus-Dublin,Pass,Staybridge Suites,Dublin,OH,,,CBRE,,Extended-stay,Marketing,,Jun 8,,,,,,,,,,,,,,,,,,,,,,,,,,,,,,,,,
183,Embassy Suites OKC Will Rogers Airport,Pass,Embassy Suites,Oklahoma City,OK,,,HREC,,Full-service,Tours available,,Jul 2,,,,,,,,,,,,,,,,,,,,,,,,,,,,,,,,,
184,Hampton Inn Tulsa,Pass,Hampton Inn,Tulsa,OK,70,"$5,750,000",Hotel Brokers of America,,Select-service,Marketing (~10% cap),,Jun 24,,,,,,,,,,,,,,,,,,,,,,,,,,,,,,,,,
185,Fairfield Pittsburgh Airport / Robinson Twp,Pass,Fairfield Inn,Robinson Twp,PA,,,JLL,,Select-service,CFO Jul 21 (was Jul 14),,Jul 9,,,,,,,,,,,,,,,,,,,,,,,,,,,,,,,,,
186,Holiday Inn Harrisburg East,Pass,Holiday Inn,Middletown,PA,,,CBRE,,Full-service,Receivership / tours Jul 21,,Jul 9,Brand & mgmt unencumbered,,,,,,,,,,,,,,,,,,,,,,,,,,,,,,,,
187,Red Lion Hotel Harrisburg Hershey,Pass,Red Lion,Harrisburg,PA,,"$14,000,000",Avison Young,,Full-service,Back on market,,Jun 4,,,,,,,,,,,,,,,,,,,,,,,,,,,,,,,,,
188,Spark by Hilton Chocolate Avenue Hershey,Pass,Spark by Hilton,Hershey,PA,,,Avison Young,,Economy,Marketing,,May 28,Apr rev +90% YoY,,,,,,,,,,,,,,,,,,,,,,,,,,,,,,,,
189,The Lodge at Split Rock Resort,Pass,Independent,Poconos,PA,50,"$11,000,000 (~$220k/key)",Crexi / Sarhan,,Resort,Marketing,,Jul 9,,,,,,,,,,,,,,,,,,,,,,,,,,,,,,,,,
190,Charleston Dev Opp - 431 Meeting St,Pass,-,Charleston,SC,250,,CBRE,,Development site,Entitled 250 hotel units,,Jun 9,Historic District,,,,,,,,,,,,,,,,,,,,,,,,,,,,,,,,
191,Unencumbered Hotel Site N Charleston (WaterWalk),Pass,-,North Charleston,SC,,,HREC,,Development site,CFO,,Jun 15,Approved for WaterWalk by Wyndham,,,,,,,,,,,,,,,,,,,,,,,,,,,,,,,,
192,3-Unit Cabin Portfolio Sevierville,Pass,Independent,Sevierville,TN,3 units,"$1,950,000",PWA / Revere,,Cabins/STR,Just listed,,May 27,Newer construction,,,,,,,,,,,,,,,,,,,,,,,,,,,,,,,,
193,DoubleTree by Hilton Suites Nashville Airport,Pass,DoubleTree,Nashville,TN,,,HREC,,Full-service,Hilton PIP release Jul 29; more tours,,Jul 7,,,,,,,,,,,,,,,,,,,,,,,,,,,,,,,,,
194,Pre-Approved Hotel Dev Site Gallatin,Pass,-,Gallatin,TN,,,HREC,,Development site,Offering,,Jun 4,,,,,,,,,,,,,,,,,,,,,,,,,,,,,,,,,
195,Courtyard Dallas Lewisville,Pass,Courtyard,Lewisville,TX,,,HREC (Crexi),,Select-service,Auction / tours next wk,,Jul 9,,,,,,,,,,,,,,,,,,,,,,,,,,,,,,,,,
196,Courtyard Killeen,Pass,Courtyard,Killeen,TX,,,Hotel Brokers of America,,Select-service,For sale,,Jun 2,,,,,,,,,,,,,,,,,,,,,,,,,,,,,,,,,
197,Courtyard by Marriott Dallas Addison/Midway,Pass,Courtyard,Addison,TX,,,MMI / Revere,,Select-service,Auction Jun 8-10,,Jun 8,,,,,,,,,,,,,,,,,,,,,,,,,,,,,,,,,
198,Crowne Plaza Houston Medical Center-Galleria,Pass,Crowne Plaza,Houston,TX,,,Alchemy REA,,Full-service,Offers due Jun 29,,Jun 24,,,,,,,,,,,,,,,,,,,,,,,,,,,,,,,,,
199,Crowne Plaza by IHG Downtown Dallas,Pass,Crowne Plaza,Dallas,TX,,,Hotel Brokers of America,,Full-service,Marketing,,Jun 8,Dallas skyline,,,,,,,,,,,,,,,,,,,,,,,,,,,,,,,,
200,Dallas Premium Select Service Portfolio,Pass,Marriott/other,Dallas,TX,,,MMI / Revere,,Portfolio,CFO Jun 19,,Jun 16,Premium select-service,,,,,,,,,,,,,,,,,,,,,,,,,,,,,,,,
201,DoubleTree Houston Bush Airport,Pass,DoubleTree,Houston,TX,,,Alchemy REA,,Full-service,Offers due Jul 9,,Jun 30,,,,,,,,,,,,,,,,,,,,,,,,,,,,,,,,,
202,DoubleTree Suites Houston Galleria,Pass,DoubleTree,Houston,TX,,,Alchemy REA,,Extended-stay,Offers due Jun 22,,Jun 16,,,,,,,,,,,,,,,,,,,,,,,,,,,,,,,,,
203,Hampton Inn & Suites Bay City,Pass,Hampton Inn,Bay City,TX,86,"$9,400,000",Marcus & Millichap,,Select-service,New listing,,Jun 9,Major reno 2025,,,,,,,,,,,,,,,,,,,,,,,,,,,,,,,,
204,Hampton Inn & Suites Houston East Beltway 8,Pass,Hampton Inn,Houston,TX,,,HVS,,Select-service,New listing,,Jul 1,"2021 build, no PIP",,,,,,,,,,,,,,,,,,,,,,,,,,,,,,,,
205,Hampton Inn & Suites by Hilton Galveston,Pass,Hampton Inn,Galveston,TX,,,HVS,,Select-service,New listing,,Jul 2,"Renovated, prime beach",,,,,,,,,,,,,,,,,,,,,,,,,,,,,,,,
206,Hampton Inn Houston I-10 East,Pass,Hampton Inn,Houston,TX,89,"$7,500,000",Marcus & Millichap,,Select-service,Updated pricing $7.5M,,Jun 8,,,,,,,,,,,,,,,,,,,,,,,,,,,,,,,,,
207,Home2 Suites Fort Worth SW Cityview,Pass,Home2 Suites,Fort Worth,TX,,,HVS,,Extended-stay,Reduced pricing guidance,,Jun 22,,,,,,,,,,,,,,,,,,,,,,,,,,,,,,,,,
208,Homewood Suites Houston West - Energy Corridor,Pass,Homewood Suites,Houston,TX,,,HVS,,Extended-stay,Minor PIP confirmed,,Jul 8,,,,,,,,,,,,,,,,,,,,,,,,,,,,,,,,,
209,Hotel Dilley Grand,Pass,Independent,Dilley,TX,20,"$725,000",Marcus & Millichap,,Independent,Price reduced (seller fin.),,Jun 16,Fully renovated,,,,,,,,,,,,,,,,,,,,,,,,,,,,,,,,
210,Hyatt Place Houston Sugar Land,Pass,Hyatt Place,Sugar Land,TX,,,JLL,,Select-service,Tours Jun 16,,Jun 12,,,,,,,,,,,,,,,,,,,,,,,,,,,,,,,,,
211,Mystic Quarry RV & Cabins Resort,Pass,Independent,Canyon Lake,TX,,,Avison Young,,Resort,Property tours Aug 5-6,,Jun 23,RV park + lodging campground,,,,,,,,,,,,,,,,,,,,,,,,,,,,,,,,
212,Rayburn Resort & Marina,Pass,Independent,Lake Sam Rayburn,TX,111,$7.4M+ NOI ref,Hunter,,Resort,Tours available,,Jun 30,"600 ac, 27-hole golf, 120-slip marina",,,,,,,,,,,,,,,,,,,,,,,,,,,,,,,,
213,Sheraton Houston Bush Airport,Pass,Sheraton,Houston,TX,,,Alchemy REA,,Full-service,Bidding opened Jun 22,,Jun 20,,,,,,,,,,,,,,,,,,,,,,,,,,,,,,,,,
214,SpringHill Suites Houston NASA/Webster,Pass,SpringHill Suites,Webster,TX,121,"$14,000,000",Marcus & Millichap,,Select-service,New listing,,Jun 5,RevPAR ~$95 YTD,,,,,,,,,,,,,,,,,,,,,,,,,,,,,,,,
215,avid hotel Beaumont,Pass,avid,Beaumont,TX,95,$2.45M rooms rev,HVS,,Select-service,Marketing,,Jun 15,Updated DD docs,,,,,,,,,,,,,,,,,,,,,,,,,,,,,,,,
216,Halifax / Utah Portfolio,Pass,Multiple,,UT,,,Allred Hotel Group,,Portfolio,Price reduction / seller fin.,,Jun 23,,,,,,,,,,,,,,,,,,,,,,,,,,,,,,,,,
217,Scenic View Inn & Arches Hut,Pass,Independent,,UT,,,NewGen Advisory,,Independent,Marketing,,Jun 2,3 consecutive months rev growth,,,,,,,,,,,,,,,,,,,,,,,,,,,,,,,,
218,Martha Washington Inn & Spa,Pass,Independent,Abingdon,VA,63,,Avison Young,,Boutique,Tours,,Jun 10,Fee simple,,,,,,,,,,,,,,,,,,,,,,,,,,,,,,,,
219,Four Hilton & Marriott Hotels (VA & NC),Pass,Hilton/Marriott,,VA/NC,,,Alchemy REA,,Portfolio,Institutionally owned,,May 28,,,,,,,,,,,,,,,,,,,,,,,,,,,,,,,,,
220,Holiday Inn Riverfront Milwaukee,Pass,Holiday Inn,Milwaukee,WI,,,Alchemy REA,,Full-service,Tours Jun 29-30,,Jun 25,,,,,,,,,,,,,,,,,,,,,,,,,,,,,,,,,
221,Tru by Hilton Madison West,Pass,Tru,Madison,WI,,,CBRE,,Select-service,CFO Jul 1,,Jun 22,,,,,,,,,,,,,,,,,,,,,,,,,,,,,,,,,
222,TownePlace Suites Parkersburg,Pass,TownePlace Suites,Parkersburg,WV,,,CBRE,,Extended-stay,Marketing,,Jun 9,Sole ext-stay Marriott in mkt,,,,,,,,,,,,,,,,,,,,,,,,,,,,,,,,
223,Tru by Hilton Martinsburg,Pass,Tru,Martinsburg,WV,,"$13,500,000",Avison Young,,Select-service,Marketing,,Jul 1,"New build, minimal PIP",,,,,,,,,,,,,,,,,,,,,,,,,,,,,,,,
224,Bayside Inn,Pass,Independent,,,,"~$21,000,000 (guidance)",Marcus & Millichap / Hunter,,Resort/Independent,AJ evaluating,,Jun 12,Leisure operator + Hilton brand potential,,,,,,,,,,,,,,,,,,,,,,,,,,,,,,,,
225,Holiday Inn Express + Comfort Inn (2-property),Pass,IHG / Choice,,,,$5M rev / $1.7M NOI,Leisure / Revere,,Portfolio,Marketing,,Jul 1,Fee simple; minimal PIP,,,,,,,,,,,,,,,,,,,,,,,,,,,,,,,,
226,MainStay Suites Columbus North,Pass,MainStay Suites,Columbus,,,,Avison Young,,Extended-stay,CFO Jun 26,,Jun 23,,,,,,,,,,,,,,,,,,,,,,,,,,,,,,,,,
227,Marriott/Hilton Auctions (TX & CA),Pass,Marriott/Hilton,,,,,HREC (Crexi),,Auction,New listing,,Jun 30,Multi-property auction,,,,,,,,,,,,,,,,,,,,,,,,,,,,,,,,
228,Multi-Region Marriott/Hilton/Choice Auctions,Pass,Marriott/Hilton/Choice,,,,,HREC / RealInsight,,Auction,New listing,,Jun 30,Select-service auctions,,,,,,,,,,,,,,,,,,,,,,,,,,,,,,,,
229,Best Western Plus Mobile Inn & Suites,Pass,Best Western Plus,Mobile,AL,,,HREC,,Select-service,New data available,,Jun 18,,,,,,,,,,,,,,,,,,,,,,,,,,,,,,,,,
230,Best Western Plus JFK Inn & Suites,Pass,Best Western Plus,North Little Rock,AR,65,"$4,800,000",Marcus & Millichap,,Select-service,New listing,,May 29,+26.5% RevPAR TTM Mar,,,,,,,,,,,,,,,,,,,,,,,,,,,,,,,,
231,Best Western Plus Searcy Inn,Pass,Best Western Plus,Searcy,AR,71,"$5,500,000",Marcus & Millichap,,Select-service,Updated financials — 10.04% T12 cap,,May 28,,,,,,,,,,,,,,,,,,,,,,,,,,,,,,,,,
232,Country Inn & Suites by Radisson Conway,Pass,Country Inn & Suites,Conway,AR,67,"$4,200,000",Marcus & Millichap,,Select-service,New listing (~$63k/key),,Jun 2,,,,,,,,,,,,,,,,,,,,,,,,,,,,,,,,,
233,Days Inn by Wyndham Show Low,Pass,Days Inn,Show Low,AZ,122,,NewGen Advisory,,Economy,Marketing (financing in place),,Jun 15,"AZ White Mountains, +7.5% RevPAR",,,,,,,,,,,,,,,,,,,,,,,,,,,,,,,,
234,SureStay by Best Western Downtown Mesa,Pass,SureStay,Mesa,AZ,64,,NewGen Advisory,,Economy,Marketing,,Jun 11,,,,,,,,,,,,,,,,,,,,,,,,,,,,,,,,,
235,La Quinta Bakersfield,Pass,La Quinta,Bakersfield,CA,65,"$8,500,000",Hotel Brokers of America,,Select-service,Marketing,,Jun 24,RevPAR ~$93,,,,,,,,,,,,,,,,,,,,,,,,,,,,,,,,
236,La Quinta Inn & Suites Bakersfield North,Pass,La Quinta,Bakersfield,CA,,,Hotel Brokers of America,,Select-service,"Marketing (3.76x, min PIP)",,May 27,Airport property,,,,,,,,,,,,,,,,,,,,,,,,,,,,,,,,
237,Best Western Plus Exec Residency Fillmore Inn,Pass,Best Western Plus,Colorado Springs,CO,,,MMI / Revere,,Extended-stay,Updated pricing,,Jul 8,,,,,,,,,,,,,,,,,,,,,,,,,,,,,,,,,
238,La Quinta Inn & Suites Limon,Pass,La Quinta,Limon,CO,,,HREC,,Select-service,New listing,,Jun 18,,,,,,,,,,,,,,,,,,,,,,,,,,,,,,,,,
239,La Quinta Inn Denver Westminster,Pass,La Quinta,Westminster,CO,,,HREC,,Select-service,Just listed,,Jul 9,,,,,,,,,,,,,,,,,,,,,,,,,,,,,,,,,
240,Suburban Studios Denver Arvada,Pass,Suburban Studios,Arvada,CO,,,JLL,,Extended-stay,Auction Jun 22-24,,Jun 8,,,,,,,,,,,,,,,,,,,,,,,,,,,,,,,,,
241,At Home Inn Pensacola,Pass,Independent,Pensacola,FL,104,"$6,500,000",Kabani Hotel Group,,Economy,CFO Jul 16 (3.25x RRM),,Jul 7,"Built 1966, 4.07 ac",,,,,,,,,,,,,,,,,,,,,,,,,,,,,,,,
242,Baymont Orlando East,Pass,Baymont,Orlando,FL,118,,Kabani Hotel Group,,Economy,For sale,,Jun 15,"1972 build, renovated",,,,,,,,,,,,,,,,,,,,,,,,,,,,,,,,
243,Country Inn & Suites Midway - Tallahassee W,Pass,Country Inn & Suites,Midway,FL,53,"$4,295,000",DSH Hotel Advisors,,Select-service,Price reduced (3.75x RRM),,Jun 22,5.1 ac,,,,,,,,,,,,,,,,,,,,,,,,,,,,,,,,
244,Courtyard by Marriott Tampa Downtown,Pass,Courtyard,Tampa,FL,,,JLL,,Select-service,CFO Jul 10,,Jun 23,,,,,,,,,,,,,,,,,,,,,,,,,,,,,,,,,
245,Le Meridien Tampa,Pass,Le Meridien,Tampa,FL,,,StepStone (UW shared),,Full-service,Reviewed - not a fit (equity),,May 28,SLP passed for now,,,,,,,,,,,,,,,,,,,,,,,,,,,,,,,,
246,Quality Inn & Suites Live Oak,Pass,Quality Inn,Live Oak,FL,63,"$4,750,000",DSH Hotel Advisors,,Select-service,For sale (~$75k/key),,May 27,I-10 corridor,,,,,,,,,,,,,,,,,,,,,,,,,,,,,,,,
247,Quality Inn Orange Park (Jacksonville),Pass,Quality Inn,Jacksonville,FL,104,,DDM Hotels,,Economy,Just listed,,Jul 8,,,,,,,,,,,,,,,,,,,,,,,,,,,,,,,,,
248,Quality Inn Palm Bay-Melbourne,Pass,Quality Inn,Palm Bay,FL,67,,DSH Hotel Advisors,,Select-service,For sale (minimal PIP),,May 29,Off I-95,,,,,,,,,,,,,,,,,,,,,,,,,,,,,,,,
249,Red Roof PLUS+ & Suites Naples Downtown,Pass,Red Roof PLUS+,Naples,FL,,$14M + $20k/key reno,HREC,,Economy,Bhavnesh: UW priority,,Jun 5,Covered land play; AJ underwriting,,,,,,,,,,,,,,,,,,,,,,,,,,,,,,,,
250,StudioRes by Marriott (Haines City),Pass,StudioRes,Davenport / Haines City,FL,124,,Marcus & Millichap,,Extended-stay,RFO / Q3-Q4'26 open,,Jul 9,"New build, expected opening",,,,,,,,,,,,,,,,,,,,,,,,,,,,,,,,
251,Super 8 Miami Dade / Florida City,Pass,Super 8,Florida City,FL,52,"$5,250,000",Kabani Hotel Group,,Economy,Marketing,,Jun 12,Between Miami & Keys,,,,,,,,,,,,,,,,,,,,,,,,,,,,,,,,
252,La Quinta Inn & Suites Rome,Pass,La Quinta,Rome,GA,45,"$4,395,000",DDM Hotels,,Select-service,Price reduction,,May 29,,,,,,,,,,,,,,,,,,,,,,,,,,,,,,,,,
253,Red Roof PLUS+ & Suites Atlanta Airport South,Pass,Red Roof PLUS+,College Park,GA,,,HREC,,Economy,CFO Jun 29,,Jun 29,,,,,,,,,,,,,,,,,,,,,,,,,,,,,,,,,
254,Sleep Inn & MainStay Suites Newnan Atlanta South,Pass,Sleep Inn / MainStay,Newnan,GA,60,,DSH Hotel Advisors,,Select-service,CFO Jun 12,,Jun 1,"2019 build, ATL MSA, absentee owner",,,,,,,,,,,,,,,,,,,,,,,,,,,,,,,,
255,AmericInn + Grocery Store Grinnell,Pass,AmericInn,Grinnell,IA,,"$2,700,000",Reco,,Economy,Just listed,,Jun 24,I-80; incl grocery store,,,,,,,,,,,,,,,,,,,,,,,,,,,,,,,,
256,AmericInn Ankeny / Des Moines,Pass,AmericInn,Ankeny,IA,,,HREC,,Economy,Tours available,,Jun 22,,,,,,,,,,,,,,,,,,,,,,,,,,,,,,,,,
257,AmericInn Sioux City,Pass,AmericInn,Sioux City,IA,,,Reco,,Economy,CFO Jul 21,,Jul 7,,,,,,,,,,,,,,,,,,,,,,,,,,,,,,,,,
258,AmericInn West Burlington,Pass,AmericInn,West Burlington,IA,,,Reco,,Economy,1st-round tour,,Jun 24,,,,,,,,,,,,,,,,,,,,,,,,,,,,,,,,,
259,Country Inn & Suites Dubuque,Pass,Country Inn & Suites,Dubuque,IA,,,CBRE,,Select-service,CFO Jun 25,,Jun 16,,,,,,,,,,,,,,,,,,,,,,,,,,,,,,,,,
260,Days Inn Sioux City,Pass,Days Inn,Sioux City,IA,,,Reco,,Economy,CFO Jul 21,,Jul 8,,,,,,,,,,,,,,,,,,,,,,,,,,,,,,,,,
261,La Quinta Inn & Suites Ankeny,Pass,La Quinta,Ankeny,IA,,,CBRE,,Select-service,Marketing,,Jul 7,,,,,,,,,,,,,,,,,,,,,,,,,,,,,,,,,
262,Super 8 Sioux City,Pass,Super 8,Sioux City,IA,,,Reco,,Economy,Now touring,,Jun 25,,,,,,,,,,,,,,,,,,,,,,,,,,,,,,,,,
263,Best Western Tyrolean Lodge,Pass,Best Western,Ketchum / Sun Valley,ID,,,CBRE,,Resort,Marketing,,Jul 8,1st time on market since 1999,,,,,,,,,,,,,,,,,,,,,,,,,,,,,,,,
264,Motel 6 Normal,Pass,Motel 6,Normal,IL,95,"$3,125,000",Marcus & Millichap,,Economy,New listing,,Jun 12,Revenue up $90k YoY,,,,,,,,,,,,,,,,,,,,,,,,,,,,,,,,
265,Super 8 by Wyndham Olney,Pass,Super 8,Olney,IL,41,"$1,995,000",Marcus & Millichap,,Economy,New listing,,Jul 7,Room rev up $110k YoY,,,,,,,,,,,,,,,,,,,,,,,,,,,,,,,,
266,Best Western University Inn Valparaiso,Pass,Best Western,Valparaiso,IN,50,,Marcus & Millichap,,Select-service,CFO Jul 10,,Jun 15,Auto-transfer w/ Best Western,,,,,,,,,,,,,,,,,,,,,,,,,,,,,,,,
267,Red Roof Inn Elkhart,Pass,Red Roof,Elkhart,IN,80,,Marcus & Millichap,,Economy,CFO Jun 19,,Jun 1,,,,,,,,,,,,,,,,,,,,,,,,,,,,,,,,,
268,Comfort Suites Salina,Pass,Comfort Suites,Salina,KS,57,,Reco,,Select-service,For sale,,Jun 18,"2019 build, I-70/I-35",,,,,,,,,,,,,,,,,,,,,,,,,,,,,,,,
269,La Quinta by Wyndham Lenexa (KC),Pass,La Quinta,Lenexa,KS,,,Reco,,Select-service,Tours available,,Jun 5,I-35,,,,,,,,,,,,,,,,,,,,,,,,,,,,,,,,
270,Baymont by Wyndham Richmond KY,Pass,Baymont,Richmond,KY,,,HREC,,Economy,Marketing,,Jun 29,,,,,,,,,,,,,,,,,,,,,,,,,,,,,,,,,
271,Budgetel Paducah,Pass,Budgetel,Paducah,KY,130,"$2,500,000",Kabani Hotel Group,,Economy,"Just listed (shutdown, 1.9x RRM)",,Jun 30,,,,,,,,,,,,,,,,,,,,,,,,,,,,,,,,,
272,Comfort Inn & Suites Springfield,Pass,Comfort Inn,Springfield,KY,62,"$4,000,000",DSH Hotel Advisors,,Select-service,CFO Jul 15 / tour Jul 10,,Jul 6,"3.0 ac, 2000 build",,,,,,,,,,,,,,,,,,,,,,,,,,,,,,,,
273,Days Inn Baltimore,Pass,Days Inn,Baltimore,MD,249,,Kabani Hotel Group,,Full-service,For sale,,Jun 16,"1984 build, 0.6 ac, downtown",,,,,,,,,,,,,,,,,,,,,,,,,,,,,,,,
274,Red Roof PLUS+ Washington DC - Rockville,Pass,Red Roof PLUS+,Rockville,MD,,,HREC,,Economy,CFO Jun 29,,Jun 29,,,,,,,,,,,,,,,,,,,,,,,,,,,,,,,,,
275,Sleep Inn Cumberland,Pass,Sleep Inn,Cumberland,MD,,,Hotel Brokers of America,,Economy,10%+ cap,,Jul 8,,,,,,,,,,,,,,,,,,,,,,,,,,,,,,,,,
276,Comfort Suites Grand Rapids North,Pass,Comfort Suites,Comstock Park,MI,,,Marcus & Millichap,,Select-service,CFO Jun 18,,Jun 1,,,,,,,,,,,,,,,,,,,,,,,,,,,,,,,,,
277,Suburban Studios Auburn Hills,Pass,Suburban Studios,Auburn Hills,MI,133,,Revere / Sohi Group,,Extended-stay,Marketing,,Jul 9,133-key three-story extended-stay,,,,,,,,,,,,,,,,,,,,,,,,,,,,,,,,
278,La Quinta Inn & Suites KC Beacon Hill,Pass,La Quinta,Kansas City,MO,,,HREC,,Select-service,Tours & CFO PIP avail,,Jul 6,,,,,,,,,,,,,,,,,,,,,,,,,,,,,,,,,
279,Ramada by Wyndham Columbia,Pass,Ramada,Columbia,MO,,,CBRE,,Economy,CFO Jun 11,,Jun 2,,,,,,,,,,,,,,,,,,,,,,,,,,,,,,,,,
280,Red Roof Inn Cameron (KC metro),Pass,Red Roof,Cameron,MO,,,NewGen Advisory,,Economy,Crexi auction registration open,,Jun 4,,,,,,,,,,,,,,,,,,,,,,,,,,,,,,,,,
281,Super 8 Kansas City (Worlds of Fun),Pass,Super 8,Kansas City,MO,,,Reco,,Economy,Just listed,,Jun 26,,,,,,,,,,,,,,,,,,,,,,,,,,,,,,,,,
282,Super 8 Wyndham (Branson),Pass,Super 8,Branson,MO,68,,Hotel Brokers of America,,Economy,Price reduction (3.4x rev),,Jun 30,,,,,,,,,,,,,,,,,,,,,,,,,,,,,,,,,
283,Studio 6 Jackson (I-55),Pass,Studio 6,Jackson,MS,,,NewGen Advisory,,Extended-stay,Marketing,,Jun 3,"Turnkey, strong in-place CF",,,,,,,,,,,,,,,,,,,,,,,,,,,,,,,,
284,Suburban Studios Jackson North,Pass,Suburban Studios,Jackson,MS,,,HREC,,Extended-stay,Updated operating info in VDR,,Jun 16,,,,,,,,,,,,,,,,,,,,,,,,,,,,,,,,,
285,Clarion Pointe Greensboro Airport,Pass,Clarion Pointe,Greensboro,NC,,,HREC,,Select-service,CFO Jun 19,,Jun 19,,,,,,,,,,,,,,,,,,,,,,,,,,,,,,,,,
286,Clarion Pointe Jacksonville (Camp Lejeune),Pass,Clarion Pointe,Jacksonville,NC,115,,DSH Hotel Advisors,,Select-service,Just listed,,Jun 23,Fully renovated 2022,,,,,,,,,,,,,,,,,,,,,,,,,,,,,,,,
287,Comfort Inn Thomasville,Pass,Comfort Inn,Thomasville,NC,110,,DDM Hotels,,Select-service,Just listed,,Jun 16,Piedmont Triad,,,,,,,,,,,,,,,,,,,,,,,,,,,,,,,,
288,Days Inn & Suites Fayetteville (Fort Bragg),Pass,Days Inn,Fayetteville,NC,119,,DDM Hotels,,Economy,Tours Jun 24,,Jun 8,,,,,,,,,,,,,,,,,,,,,,,,,,,,,,,,,
289,Former Howard Johnson Greensboro,Pass,Howard Johnson,Greensboro,NC,119,,DDM Hotels,,Economy,Just listed (conversion),,Jun 5,I-40 corridor,,,,,,,,,,,,,,,,,,,,,,,,,,,,,,,,
290,Microtel Inn & Suites Cherokee,Pass,Microtel,Cherokee,NC,62,,DDM Hotels,,Economy,Ten-X auction Aug 3-5,,Jun 29,,,,,,,,,,,,,,,,,,,,,,,,,,,,,,,,,
291,Rodeway Inn Asheville,Pass,Rodeway Inn,Asheville,NC,62,,DDM Hotels,,Economy,Offers due Jul 10,,Jun 24,,,,,,,,,,,,,,,,,,,,,,,,,,,,,,,,,
292,Super 8 by Wyndham Morganton,Pass,Super 8,Morganton,NC,111,,DDM Hotels,,Economy,Tours Jun 30,,Jun 9,,,,,,,,,,,,,,,,,,,,,,,,,,,,,,,,,
293,Econo Lodge Inn & Suites Socorro,Pass,Econo Lodge,Socorro,NM,,,HREC,,Economy,Refreshed listing,,Jun 5,Near NM Tech,,,,,,,,,,,,,,,,,,,,,,,,,,,,,,,,
294,Microtel Inn & Suites Raton,Pass,Microtel,Raton,NM,,,CBRE,,Economy,Marketing (full reno),,Jun 5,,,,,,,,,,,,,,,,,,,,,,,,,,,,,,,,,
295,Comfort Inn & Suites Buffalo Airport,Pass,Comfort Inn,Buffalo,NY,,,CBRE,,Select-service,CFO Jun 4,,Jun 3,Incl 66-space Park & Ride,,,,,,,,,,,,,,,,,,,,,,,,,,,,,,,,
296,WoodSpring Suites Rochester Greece,Pass,WoodSpring Suites,Rochester,NY,,,HREC,,Extended-stay,Marketing (taxes reduced),,Jul 8,,,,,,,,,,,,,,,,,,,,,,,,,,,,,,,,,
297,Comfort Inn & Suites Sharonville - Cincinnati N,Pass,Comfort Inn,Sharonville,OH,75,,DSH Hotel Advisors,,Select-service,CFO Jul 15 / tour Jul 10,,Jul 7,Renovated 2025,,,,,,,,,,,,,,,,,,,,,,,,,,,,,,,,
298,Extended Stay America Pittsburgh-Carnegie,Pass,Extended Stay America,Carnegie,PA,,,Avison Young,,Extended-stay,Marketing,,Jun 15,,,,,,,,,,,,,,,,,,,,,,,,,,,,,,,,,
299,Red Roof PLUS+ Mt Pleasant + Red Roof Hilton Head,Pass,Red Roof,Charleston / Hilton Head,SC,,,HREC,,Portfolio,CFO,,May 29,Two SC assets,,,,,,,,,,,,,,,,,,,,,,,,,,,,,,,,
300,IHG Hotel (Nashville MSA),Pass,IHG,Nashville MSA,TN,96,"$12,000,000",Hotel Brokers of America,,Select-service,Marketing,,Jul 3,2018 construction,,,,,,,,,,,,,,,,,,,,,,,,,,,,,,,,
301,America's Best Value Inn Bush Intl Airport,Pass,Americas Best Value Inn,Houston,TX,32,"$2,695,000",Marcus & Millichap,,Economy,New listing,,Jun 18,,,,,,,,,,,,,,,,,,,,,,,,,,,,,,,,,
302,Best Western Dos Rios,Pass,Best Western,Junction,TX,,"$3,950,000",HVS,,Economy,Price reduction,,Jul 1,,,,,,,,,,,,,,,,,,,,,,,,,,,,,,,,,
303,Best Western Inn of Del Rio,Pass,Best Western,Del Rio,TX,61,"$3,000,000",Marcus & Millichap,,Economy,Price reduced (2.38 RRM),,Jun 11,,,,,,,,,,,,,,,,,,,,,,,,,,,,,,,,,
304,Comfort Inn Express + Hampton Corpus Christi N (2-pk),Pass,IHG/Hilton,Corpus Christi,TX,,"$12,960,000",HVS,,Portfolio,Price reduction,,Jun 24,,,,,,,,,,,,,,,,,,,,,,,,,,,,,,,,,
305,Extended Stay America Houston-The Woodlands,Pass,Extended Stay America,The Woodlands,TX,,,Tabani / Revere,,Extended-stay,Marketing,,Jun 9,,,,,,,,,,,,,,,,,,,,,,,,,,,,,,,,,
306,HomeTowne Studios Houston Northwest,Pass,HomeTowne Studios,Houston,TX,,,HREC,,Extended-stay,Offers due Jul 10,,Jul 6,,,,,,,,,,,,,,,,,,,,,,,,,,,,,,,,,
307,La Quinta Inn & Suites Corpus Christi NW,Pass,La Quinta,Corpus Christi,TX,,"$4,500,000",HVS,,Select-service,Price reduction,,Jul 9,,,,,,,,,,,,,,,,,,,,,,,,,,,,,,,,,
308,Motel 6 San Antonio,Pass,Motel 6,San Antonio,TX,,~$30k/key,Hotel Brokers of America,,Economy,10% cap,,Jul 7,,,,,,,,,,,,,,,,,,,,,,,,,,,,,,,,,
309,Quality Inn San Angelo,Pass,Quality Inn,San Angelo,TX,,"$3,500,000",HVS,,Economy,Price reduction (3.0x RRM),,Jun 16,,,,,,,,,,,,,,,,,,,,,,,,,,,,,,,,,
310,Red Roof Inn Laredo,Pass,Red Roof,Laredo,TX,,,HREC,,Economy,CFO Jun 18,,Jun 16,,,,,,,,,,,,,,,,,,,,,,,,,,,,,,,,,
311,Roberts-Banner Building (hotel redev),Pass,Independent,El Paso,TX,,,Boldface / Revere,,Development,OM available,,Jun 30,Historic tax credits,,,,,,,,,,,,,,,,,,,,,,,,,,,,,,,,
312,Wyndham Garden Midland,Pass,Wyndham Garden,Midland,TX,,"$5,500,000",HVS,,Select-service,Price reduction (2.36x),,Jun 4,,,,,,,,,,,,,,,,,,,,,,,,,,,,,,,,,
313,Microtel Inn & Suites Tooele,Pass,Microtel,Tooele,UT,92,,Marcus & Millichap,,Economy,Just listed,,Jun 12,,,,,,,,,,,,,,,,,,,,,,,,,,,,,,,,,
314,Super 8 Woods Cross (N Salt Lake City),Pass,Super 8,Woods Cross,UT,,,Hotel Brokers of America,,Economy,Value-add for sale,,May 27,,,,,,,,,,,,,,,,,,,,,,,,,,,,,,,,,
315,Comfort Inn & Suites Danville,Pass,Comfort Inn,Danville,VA,,,HREC,,Select-service,Marketing,,Jul 7,$100B+ planned in market,,,,,,,,,,,,,,,,,,,,,,,,,,,,,,,,
316,Howard Johnson by Wyndham Williamsburg,Pass,Howard Johnson,Williamsburg,VA,,,HREC,,Economy,New data available,,Jun 3,,,,,,,,,,,,,,,,,,,,,,,,,,,,,,,,,
317,Best Western Windjammer Inn & Conf Center,Pass,Best Western Plus,South Burlington,VT,158,,JLL,,Full-service,CFO Jul 24,,Jul 7,"440-seat restaurant, 56+ ac",,,,,,,,,,,,,,,,,,,,,,,,,,,,,,,,
318,"Best Western (WA state, top-ranked)",Pass,Best Western,,WA,,,Allred Hotel Group,,Select-service,For sale,,Jun 18,,,,,,,,,,,,,,,,,,,,,,,,,,,,,,,,,
319,Clarion Pointe Rhinelander Downtown,Pass,Clarion Pointe,Rhinelander,WI,85,"$5,995,000",Marcus & Millichap,,Select-service,New listing (renovated),,May 27,,,,,,,,,,,,,,,,,,,,,,,,,,,,,,,,,
320,Rodeway Inn & Suites Tomahawk,Pass,Rodeway Inn,Tomahawk,WI,45,"$3,495,000",Marcus & Millichap,,Economy,New listing,,Jun 15,Event space to 300,,,,,,,,,,,,,,,,,,,,,,,,,,,,,,,,
321,Super 8 by Wyndham Milwaukee Airport,Pass,Super 8,Milwaukee,WI,116,"$4,995,000",Marcus & Millichap,,Economy,New listing,,Jun 22,,,,,,,,,,,,,,,,,,,,,,,,,,,,,,,,,
322,Super 8 by Wyndham Sturtevant/Racine,Pass,Super 8,Sturtevant,WI,50,"$4,125,000",Marcus & Millichap,,Economy,New listing,,Jun 23,Incl restaurant lease,,,,,,,,,,,,,,,,,,,,,,,,,,,,,,,,
323,La Quinta Inn & Suites Kansas City Beacon Hill,Pass,La Quinta,Kansas City,MO,,,HREC,,Select-service,Tours & CFO PIP available,,Jul 13,,,,,,,,,,,,,,,,,,,,,,,,,,,,,,,,,
324,TownePlace Suites Kansas City Overland Park,Pass,TownePlace Suites,Overland Park,KS,90,,Hunter,,Extended-stay,Just listed,,Jul 13,"Marriott ext-stay, business corridor",,,,,,,,,,,,,,,,,,,,,,,,,,,,,,,,
325,AmericInn by Wyndham Jackson,Pass,AmericInn,Jackson,MN,,"$3,900,000",Reco,,Economy,Now touring,,Jul 13,"I-90, 2-story w/ elevator",,,,,,,,,,,,,,,,,,,,,,,,,,,,,,,,
326,Comfort Inn Darien North Brunswick,Pass,Comfort Inn,Darien,GA,63,,DDM Hotels,,Select-service,Tours Jul 21,,Jul 13,,,,,,,,,,,,,,,,,,,,,,,,,,,,,,,,,
327,Fairfield Inn Evansville East,Pass,Fairfield Inn,Evansville,IN,116,,Hunter,,Select-service,Just listed,,Jul 13,"I-69 & SR-66, adj. Deaconess",,,,,,,,,,,,,,,,,,,,,,,,,,,,,,,,
328,Choice-Franchised Hotel New Mexico (conversion),Pass,Choice,,NM,,,Allred Hotel Group,,Select-service,Inviting offers (conversion),,Jul 13,,,,,,,,,,,,,,,,,,,,,,,,,,,,,,,,,
329,Hotel Development Opportunity - Coachella Valley,Pass,-,,CA,,,Allred Hotel Group,,Development site,Inviting offers,,Jul 11,,,,,,,,,,,,,,,,,,,,,,,,,,,,,,,,,
330,Super 8 Florida City (Miami Dade),Pass,Super 8,Florida City,FL,52,"$5,250,000",Kabani Hotel Group,,Economy,Marketing,,Jul 10,Between Miami & the Keys,,,,,,,,,,,,,,,,,,,,,,,,,,,,,,,,
331,Budgetel Walterboro,Pass,Budgetel,Walterboro,SC,97,,DDM Hotels,,Economy,Just listed (receivership),,Jul 10,,,,,,,,,,,,,,,,,,,,,,,,,,,,,,,,,
332,Best Western Batesville,Pass,Best Western,Batesville,IN,99,"$5,495,000",Marcus & Millichap,,Economy,New listing (auto transfer),,Jul 10,,,,,,,,,,,,,,,,,,,,,,,,,,,,,,,,,
333,DoubleTree by Hilton St. Louis Westport,Pass,DoubleTree,St. Louis,MO,,,HREC,,Full-service,June data & STR available,,Jul 10,,,,,,,,,,,,,,,,,,,,,,,,,,,,,,,,,
334,Holiday Inn Express Milwaukee - West Allis,Pass,Holiday Inn Express,West Allis,WI,,,HREC,,Select-service,New listing (2020 build),,Jul 10,2020 build,,,,,,,,,,,,,,,,,,,,,,,,,,,,,,,,
335,Courtyard Owensboro,Pass,Courtyard,Owensboro,KY,,,HREC,,Select-service,Investment opportunity,,Jul 9,Reno upside,,,,,,,,,,,,,,,,,,,,,,,,,,,,,,,,
336,Homewood Suites Corpus Christi,Pass,Homewood Suites,Corpus Christi,TX,,,HREC,,Extended-stay,Crexi auction; tours,,Jul 9,,,,,,,,,,,,,,,,,,,,,,,,,,,,,,,,,
337,La Quinta Inn & Suites Salina,Pass,La Quinta,Salina,KS,,~$44k/key,Leisure,,Economy,Back on market (reno/reposition),,Jul 9,,,,,,,,,,,,,,,,,,,,,,,,,,,,,,,,,
338,Quality Inn Southern California (I-15),Pass,Quality Inn,,CA,,,Allred Hotel Group,,Select-service,Inviting offers (I-15 location),,Jul 9,,,,,,,,,,,,,,,,,,,,,,,,,,,,,,,,,
339,El Rancho Robles Guest Ranch,Pass,Independent,Oracle,AZ,,,Hodges Ward Elliott,,Resort,New listing (boutique ranch),,Jul 9,,,,,,,,,,,,,,,,,,,,,,,,,,,,,,,,,
340,The Whitney Hotel New Orleans,Pass,Independent,New Orleans,LA,,,HREC,,Boutique,CFO Jul 17 — revised guidance,,Jul 9,,,,,,,,,,,,,,,,,,,,,,,,,,,,,,,,,
341,Residence Inn & Fairfield Inn Vacaville,Pass,Residence Inn / Fairfield,Vacaville,CA,,,HREC,,Portfolio,Crexi auction; tours,,Jul 9,,,,,,,,,,,,,,,,,,,,,,,,,,,,,,,,,
342,Hotel/Resort/Apartment Dev Site - Kissimmee,Pass,-,Kissimmee,FL,,,HREC,,Development site,Offering,,Jul 9,,,,,,,,,,,,,,,,,,,,,,,,,,,,,,,,,
343,StudioRes by Marriott Davenport (Haines City),Pass,StudioRes,Haines City,FL,124,,Marcus & Millichap,,Extended-stay,RFO (opening Q3/Q4 2026),,Jul 9,,,,,,,,,,,,,,,,,,,,,,,,,,,,,,,,,
344,Fairfield Inn & Suites Titusville Kennedy Space Center,Pass,Fairfield Inn,Titusville,FL,,,JLL,,Select-service,CFO Jul 21,,Jul 9,,,,,,,,,,,,,,,,,,,,,,,,,,,,,,,,,
345,Fairfield & Aloft Savannah Historic District,Pass,Fairfield / Aloft,Savannah,GA,135,,CBRE,,Portfolio,New offering,,Jul 15,"★ Bhavnesh: add to radar - hotels underperforming, may trade low",,,,,,,,,,,,,,,,,,,,,,,,,,,,,,,,
346,Holiday Inn St. Petersburg West Florida,Pass,Holiday Inn,St. Petersburg,FL,,$15M target (Bhavnesh),Marquee Hotel Group,,Full-service,Recirculated on Crexi,,Jul 15,★ Bhavnesh: $15M is the number; PIP'd for DoubleTree; assume $35k/key,,,,,,,,,,,,,,,,,,,,,,,,,,,,,,,,
347,Residence Inn Boulder,Pass,Residence Inn,Boulder,CO,,,CBRE,,Extended-stay,New offering,,Jul 15,★ Bhavnesh: add on the radar,,,,,,,,,,,,,,,,,,,,,,,,,,,,,,,,
348,Courtyard Orlando Altamonte Springs Maitland,Underwrite,Courtyard,Altamonte Springs,FL,,,Hunter,,Select-service,Marketing,,Jul 15,★ Bhavnesh: may lob offer ~$10.5M,,,,,,,,,,,,,,,,,,,,,,,,,,,,,,,,
349,Residence Inn Atlanta Duluth/Gwinnett Place,Pass,Residence Inn,Duluth,GA,,,HREC,,Extended-stay,RealINSIGHT auction; tours next week,,Jul 15,ATL MSA,,,,,,,,,,,,,,,,,,,,,,,,,,,,,,,,
350,Hilton Garden Inn Tucson Airport,Pass,Hilton Garden Inn,Tucson,AZ,125,,Hodges Ward Elliott,,Select-service,New listing (fee simple),,Jul 15,,,,,,,,,,,,,,,,,,,,,,,,,,,,,,,,,
351,Downtown Blowing Rock Blue Ridge Mountain Portfolio,Pass,Independent,Blowing Rock,NC,,,Hodges Ward Elliott,,Portfolio,OM available (boutique inns),,Jul 15,,,,,,,,,,,,,,,,,,,,,,,,,,,,,,,,,
352,Hampton Inn Lexington South-Keeneland/Airport,Pass,Hampton Inn,Lexington,KY,,,HREC,,Select-service,RealINSIGHT auction; tours,,Jul 15,,,,,,,,,,,,,,,,,,,,,,,,,,,,,,,,,
353,Courtyard Columbia Northeast,Pass,Courtyard,Columbia,SC,,,DDM Hotels,,Select-service,Back on market,,Jul 15,,,,,,,,,,,,,,,,,,,,,,,,,,,,,,,,,
354,Hilton Garden Inn Cincinnati/Mason,Pass,Hilton Garden Inn,Mason,OH,,,CBRE,,Select-service,Investment opportunity,,Jul 15,,,,,,,,,,,,,,,,,,,,,,,,,,,,,,,,,
355,SpringHill Suites Houston Sugar Land,Pass,SpringHill Suites,Sugar Land,TX,94,,Kabani Hotel Group,,Select-service,PIP now available,,Jul 15,2016 build; assumable loan,,,,,,,,,,,,,,,,,,,,,,,,,,,,,,,,
356,Country Inn & Suites Midway - Tallahassee West,Pass,Country Inn & Suites,Midway,FL,53,"$4,295,000",DSH Hotel Advisors,,Select-service,For sale (3.75x RRM),,Jul 15,Seller financing avail; 5.1 acres,,,,,,,,,,,,,,,,,,,,,,,,,,,,,,,,
357,Two-Property Portfolio: Holiday Inn Express & Comfort Inn,Pass,HIX / Comfort Inn,,,,,Leisure / Revere,,Portfolio,Marketing (10%+ cap),,Jul 16,"$5M+ rev, $1.7M NOI, minimal PIP, fee simple",,,,,,,,,,,,,,,,,,,,,,,,,,,,,,,,
358,Holiday Inn Express & Suites Longview North,Pass,Holiday Inn Express,Longview,TX,80,"$7,700,000",Marcus & Millichap,,Select-service,New listing,,Jul 15,T12 RevPAR $82.90,,,,,,,,,,,,,,,,,,,,,,,,,,,,,,,,
359,Fairfield Inn & Residence Inn Scranton,Pass,Fairfield / Residence Inn,Scranton,PA,,,HREC,,Portfolio,RealINSIGHT auction; tours,,Jul 15,Must be acquired together,,,,,,,,,,,,,,,,,,,,,,,,,,,,,,,,
360,Fairfield Inn Visalia Sequoia,Pass,Fairfield Inn,Visalia,CA,,,HREC,,Select-service,Crexi auction; tour dates,,Jul 15,,,,,,,,,,,,,,,,,,,,,,,,,,,,,,,,,
361,Courtyard Topeka,Pass,Courtyard,Topeka,KS,,,HREC,,Select-service,RealINSIGHT auction; tours,,Jul 15,,,,,,,,,,,,,,,,,,,,,,,,,,,,,,,,,
362,Former Club Wyndham Patriots' Place Williamsburg,Pass,Wyndham (former),Williamsburg,VA,196,,Hilco,,Redevelopment,Bid deadline Jul 16,,Jul 15,196 units; near I-64,,,,,,,,,,,,,,,,,,,,,,,,,,,,,,,,
363,Fully Entitled Extended-Stay Dev Site Duluth,Pass,-,Duluth,GA,,,HREC,,Development site,Offering,,Jul 15,Atlanta MSA corridor,,,,,,,,,,,,,,,,,,,,,,,,,,,,,,,,
364,Confidential IHG Asset Florida,Pass,IHG,,FL,,,Hotel Brokers of America,,Full-service,CA required,,Jul 15,High performing,,,,,,,,,,,,,,,,,,,,,,,,,,,,,,,,
365,California Marriott-Branded Hotel,Pass,Marriott,,CA,,,Allred Hotel Group,,Select-service,"Back on market, new pricing",,Jul 15,,,,,,,,,,,,,,,,,,,,,,,,,,,,,,,,,
366,Holiday Inn Milwaukee Riverfront,Pass,Holiday Inn,Milwaukee,WI,160,,Alchemy REA,,Full-service,Receivership sale,,Jul 15,Fee simple,,,,,,,,,,,,,,,,,,,,,,,,,,,,,,,,
367,Hampton Inn McPherson,Pass,Hampton Inn,McPherson,KS,,,Leisure / Revere,,Select-service,Back on market,,Jul 15,Revenue stabilizing; motivated,,,,,,,,,,,,,,,,,,,,,,,,,,,,,,,,
368,Hampton Inn & Suites Fort Wayne - North,Pass,Hampton Inn,Fort Wayne,IN,,,HREC,,Select-service,RealINSIGHT auction; tours,,Jul 14,,,,,,,,,,,,,,,,,,,,,,,,,,,,,,,,,
369,Marriott Las Cruces 2-Property Portfolio,Pass,TownePlace / Fairfield,Las Cruces,NM,157,,Hunter,,Portfolio,Just listed,,Jul 14,TownePlace 81 keys + Fairfield 76 keys,,,,,,,,,,,,,,,,,,,,,,,,,,,,,,,,
370,Residence Inn Dover,Pass,Residence Inn,Dover,DE,98,,CBRE,,Extended-stay,Investment opportunity,,Jul 14,,,,,,,,,,,,,,,,,,,,,,,,,,,,,,,,,
371,The Postcard Motel,Pass,Independent,,,,"$895,000",Cushman & Wakefield,,Economy,Price reduction,,Jul 14,Absentee owner; motivated,,,,,,,,,,,,,,,,,,,,,,,,,,,,,,,,
372,Hyatt Place Houston Downtown,Pass,Hyatt Place,Houston,TX,,,Boldface / Revere,,Select-service,Seller financing available,,Jul 14,16-story; June YTD rev $4.1MM,,,,,,,,,,,,,,,,,,,,,,,,,,,,,,,,
373,Home2 Suites Boston South Bay,Underwrite,Home2 Suites,Boston,MA,130,,JLL,,Extended-stay,Investment opportunity,,Jul 14,2020 build,,,,,,,,,,,,,,,,,,,,,,,,,,,,,,,,
374,Best Western Tyrolean Lodge Ketchum/Sun Valley,Underwrite,Best Western,Ketchum,ID,,,CBRE,,Economy,CFO Aug 18; tours ongoing,"Aug 18, 2026",Jul 14,,,,,,,,,,,,,,,,,,,,,,,,,,,,,,,,,
375,Confidential Hilton Asset Georgia,Pass,Hilton,,GA,,,Hotel Brokers of America,,Select-service,CA required,,Jul 14,Cash flowing,,,,,,,,,,,,,,,,,,,,,,,,,,,,,,,,
376,Newly Renovated Days Inn (CFO Jul 24),Pass,Days Inn,,,,,Allred Hotel Group,,Economy,CFO Jul 24,,Jul 14,Brand-new upgrades + dev acreage,,,,,,,,,,,,,,,,,,,,,,,,,,,,,,,,
377,Daytona Beach Hotel,Pass,Independent,Daytona Beach,FL,,,Alchemy REA,,Full-service,Tours Jul 21-22,,Jul 14,,,,,,,,,,,,,,,,,,,,,,,,,,,,,,,,,
378,Emerald Inn Dyersburg,Pass,Independent,Dyersburg,TN,,,Crexi,,Independent,Listed,,Jul 14,Recently renovated; owner-operator,,,,,,,,,,,,,,,,,,,,,,,,,,,,,,,,
379,La Quinta Inn by Wyndham West Palm Beach - Florida Turnpike,Underwrite,La Quinta,West Palm Beach,FL,135,,Rore Realty (listing page),,Economy,AJ model in Drive (mod Jul 13),,Jul 16,"5981 Okeechobee Blvd 33417. Opened Jul 1986. Between I-95 & Turnpike, 6mi PBI. STAR Dec-2022 (STALE): Occ 78.6% / ADR $116.04 / RevPAR $91.18; MPI 107.8, ARI 90.5, RGI 97.6 - fills rooms but rate rank 4 of 5. Comp set 488 rms: BW Palm Beach Lakes, Quality Inn PBI, Red Roof WPB, Hampton Inn WPB Turnpike. Marketed as commercial-zoned/alt-use flexibility.",,,,,,,,,,,,,,,,,,,,,,,,,,,,,,,,
380,Hilton Garden Inn Atlanta North/Alpharetta,Pass,Hilton Garden Inn,Alpharetta,GA,164,Auction — no guidance,HREC,Monty Levy · (404) 660-6005 · mlevy@hrec.com,Select-service,Auction Oct 27-29 2025 (RealINSIGHT) — DEAD,"Oct 29, 2025",Archive,"★ CAUTIONARY COMP: ground rent ate the entire NOI. $417K in 2015 → $785K by FY24 = 16-18% of revenue, escalating 2.75%/yr GUARANTEED to 2060. NOI: FY18 +$1.77M → FY23 -$66K → FY24 -$363K → TTM -$279K. TTM rent UNDERSTATED (missing Mar-25 payment, OM Note 3). ARI 113.3 / MPI 96.8 = holds rate, loses heads. Contrast Gulfport: 1.0% of rev, 5% CAP.","4025 Windward Plaza, Alpharetta, GA 30005",1998,PIP required (not scoped),4025 Windward Plaza Alpharetta LLC,Unencumbered,Leasehold,"Terra Hospitality - GIANT, LLC",Jan 2114 (99-yr from 2015),"$784,923 FY24 — escalates 2.75%/yr to 2060, then 1.5%","$3,956,130","$395,248","$105,127","$4,456,505","$882,658","-$279,442",58.6%,$112.86,$66.09,109.6,652 (6 hotels),,,,n/a (auction),Not disclosed,,Auction / distressed — NOI negative 3 yrs,,"Comp only — dead deal, keep for ground-lease reference",,,
381,Hilton Garden Inn Birmingham SE/Liberty Park,Pass,Hilton Garden Inn,Birmingham,AL,130,No guidance published,CBRE,Stephen Leslie · (678) 595-1798 · stephen.leslie@cbre.com,Select-service,Marketed Jul 2025 — ARCHIVE,—,Archive,"★ FLAG: OM sells 'reclaim the top spot' — it was #1 of 5 in 2019, now #2 of 6. Occupancy NEVER recovered: 73.0% (2019) -> 63.6% (TTM May-25), -9.4 pts. ADR did all the work: $109.92 -> $145.45 (+32%). RGI 124.5 is strong but built on rate, not heads. Pro forma assumes occ jumps to 65.9% and holds flat 5 yrs — modest, but it has fallen 3 of last 4 yrs. Renovated 2022, so PIP is genuinely light. Property tax spiked to $302,681 in 2023 then normalized to $194K — verify assessment.","2090 Urban Center Pkwy, Birmingham, AL 35242",2008,2022 — full int/ext; Hilton COO PIP in deal room,Not disclosed,RAM Hotels (unencumbered),Fee Simple (3.17 AC),,,,"$4,379,572","$297,192","$112,039","$4,788,802","$2,162,770","$1,553,873",63.6%,$145.45,$92.58,124.5 (rank 2 of 6),528 (4 hotels),,,,Unencumbered,Not disclosed — fees 8.7% of total rev,,Unencumbered of debt & mgmt,,Comp — Birmingham select-service benchmark,,,
382,Fairfield Inn & Suites Montgomery EastChase Parkway,Pass,Fairfield Inn,Montgomery,AL,105,"$12,250,000",Marcus & Millichap,Eddie Greenhalgh (BOR) · (205) 510-9200,Select-service,Listed Sep 2024 — ARCHIVE,—,Archive,"★ FLAG: Broker math — $12.25M = $116,667/key, 10.34% cap on TTM NOI, RRM 3.59. With $1.8375M PIP ($17,500/key), all-in $14.09M = $134,167/key and 9.00% cap. M&M shows levered IRR 20.43% / unlevered 11.93% on a $4.31M down payment — their leverage assumptions, not ours. Detailed P&L was image-based in the OM and did not extract: rooms rev is computed from occ x ADR x keys x 365; GOP and expense lines unavailable. Request the Excel P&L if this ever comes back.","8970 EastChase Pkwy, Montgomery, AL 36117",2010,PIP est by broker,Not disclosed,Not disclosed,"Fee Simple (2.55 AC · 58,052 SF · 3 floors)",,,,"~$3,323,000 (calc)",$0,,,,"$1,267,169",72.0%,$120.43,$86.70,,,,,"$1,837,500",Not disclosed,Not disclosed,,Not disclosed,,Comp — AL select-service pricing benchmark,,,
383,Foley 3-Hotel Portfolio (Hampton / HIE / Home2),Pass,Hampton / HIX / Home2,Foley,AL,80 (Hampton) + HIE/Home2 n/d,Not disclosed,Direct / off-market,,Portfolio (3),P&Ls received Apr 2026 — no OM,—,Archive,"★ FLAG: ALL THREE DECLINING. Portfolio revenue $10.43M (2022) -> $8.75M (2025) = -16.1%, four straight years down. Hampton 2025 is the worst: occ 65.64% -> 59.71% (-5.93 pts), RevPAR $100.64 -> $90.87 (-9.7%), GOP $1,615,883 -> $1,234,343 (-23.6%), and it MISSED its own 2025 budget by $232,362. ACCOUNTING WARNING: Home2's 2025 P&L is CASH BASIS while 2022-24 are ACCRUAL, and its $354K lodging tax line vanishes in 2025 — its 'improved' $1.41M net income is an artifact, not performance. These are QuickBooks owner-operator statements, not USALI: no FF&E reserve, no consistent mgmt fee, taxes and interest mixed into opex. Not comparable to OM NOI without restatement.","Foley, AL (Gulf Shores / Orange Beach corridor)",n/d,n/d,"SAI Hospitality, Inc.",Owner-operated,Fee (assumed — not documented),,,,"$8,520,212 (2025, 3 hotels)",$0,,"$8,753,170 (2025)","$1,234,343 (Hampton only)",n/d — no USALI statements,59.7% (Hampton 2025),$152.19 (Hampton 2025),$90.87 (Hampton 2025),n/d — no STR provided,,,,,Hampton: Centennial Bank $4.56M + SBA $1.96M + United Bank $132K + Sweat Prop $173K = $6.83M,n/d,,n/d,,"If live: get STR, keys for HIE/Home2, USALI restatement, and 2026 YTD. Ask why revenue is down 16% since 2022.",,,
384,Courtyard Somerset,Pass,Courtyard,Somerset,KY,,,HREC,,Select-service,OM live — CA available; NOI >$1M,,Jul 16,NOI exceeding $1M; ADR premium to comp set. CORE SE.,,,,,,,,,,,,,,,,,,,,,,,,,,,,,,,,
385,AVID Hotel Savannah South-Gateway,Pass,avid,Savannah,GA,95,,DDM Hotels,,Select-service,PRICE REDUCTION,,Jul 16,"9 Gateway Blvd West, Savannah GA 31419. CORE SE.",,,,,,,,,,,,,,,,,,,,,,,,,,,,,,,,
386,Holiday Inn Express & Suites Hardeeville-Hilton Head,Pass,Holiday Inn Express,Hardeeville,SC,,,Colliers,,Select-service,For sale,,Jul 16,145 Independence Blvd. Prashant Merchant. CORE SE.,,,,,,,,,,,,,,,,,,,,,,,,,,,,,,,,
387,Best Western Tallahassee Downtown Inn & Suites,Pass,Best Western,Tallahassee,FL,78,,Kabani Hotel Group,,Economy,Just listed,,Jul 16,"2016 Apalachee Pkwy. Built 1988, renovated 2023. 2 acres.",,,,,,,,,,,,,,,,,,,,,,,,,,,,,,,,
388,Fairfield Inn & Suites Smithfield Selma/I-95,Pass,Fairfield Inn,Smithfield,NC,89,Unpriced,Crexi,,Select-service,Listed,,Jul 16,"50,417-62,332 SF. CORE SE.",,,,,,,,,,,,,,,,,,,,,,,,,,,,,,,,
389,Hampton Inn Amelia Island at Fernandina Beach,Pass,Hampton Inn,Fernandina Beach,FL,,,Crexi,,Select-service,Listed,,Jul 16,CORE SE.,,,,,,,,,,,,,,,,,,,,,,,,,,,,,,,,
390,Courtyard Houston Sugar Land/Lake Pointe,Pass,Courtyard,Sugar Land,TX,,,Hodges Ward Elliott,,Select-service,CFO Jul 30,,Jul 16,,,,,,,,,,,,,,,,,,,,,,,,,,,,,,,,,
391,Courtyard Irvine John Wayne Airport/Orange County,Pass,Courtyard,Irvine,CA,,,CBRE,,Select-service,CFO Aug 13,,Jul 16,Michael DiPrima (404) 790-3585,,,,,,,,,,,,,,,,,,,,,,,,,,,,,,,,
392,Courtyard San Diego Sorrento Valley,Pass,Courtyard,San Diego,CA,,,CBRE,,Select-service,CFO Aug 6,,Jul 16,Michael DiPrima,,,,,,,,,,,,,,,,,,,,,,,,,,,,,,,,
393,Courtyard Dayton North,Pass,Courtyard,Dayton,OH,,,HREC,,Select-service,RealINSIGHT auction; tours next week,,Jul 16,,,,,,,,,,,,,,,,,,,,,,,,,,,,,,,,,
394,Fairfield Inn Warren Niles,Pass,Fairfield Inn,Warren,OH,,,HREC,,Select-service,RealINSIGHT auction; tours next week,,Jul 16,,,,,,,,,,,,,,,,,,,,,,,,,,,,,,,,,
395,Country Inn & Suites Springfield,Pass,Country Inn & Suites,Springfield,OH,,,HREC,,Select-service,Tours this week (RealINSIGHT),,Jul 16,,,,,,,,,,,,,,,,,,,,,,,,,,,,,,,,,
396,Residence Inn Palmdale Lancaster,Pass,Residence Inn,Palmdale,CA,,"$4,000,000 starting bid",Crexi,,Extended-stay,Auction,,Jul 16,Institutionally owned & managed; part of CA & TX portfolio,,,,,,,,,,,,,,,,,,,,,,,,,,,,,,,,
397,Sioux City 3-Hotel Wyndham Portfolio,Pass,Wyndham (Super 8 +2),Sioux City,IA,,,Reco / Revere,,Portfolio,For sale,,Jul 16,"Super 8 56 rms, interior corridor, 3 stories, built 2000. Metro pop 145,000+",,,,,,,,,,,,,,,,,,,,,,,,,,,,,,,,
398,Quality Inn & Suites Black River Falls I-94,Pass,Quality Inn,Black River Falls,WI,133,"$850,000 starting bid",Marcus & Millichap,,Economy,Auction Aug 17-19,,Jul 16,Absentee owner. Miller-Gomes team.,,,,,,,,,,,,,,,,,,,,,,,,,,,,,,,,
399,Former Best Western Branson Inn & Conference Center,Pass,Best Western (former),Branson West,MO,146,"$1,250,000 starting bid",Marcus & Millichap,,Economy,Auction Aug 17-19,,Jul 16,Market RevPAR $46.21 T12 Dec. Conversion/redev.,,,,,,,,,,,,,,,,,,,,,,,,,,,,,,,,
400,Pocono Mountain Hotel and Spa,Pass,Independent,Pocono,PA,120,"$5,000,000 ($41,667/key)",Crexi / Sarhan Hotel Group,,Full-service,For sale,,Jul 16,,,,,,,,,,,,,,,,,,,,,,,,,,,,,,,,,
401,Wingate by Wyndham (NC),Pass,Wingate,,NC,,,Crexi,,Select-service,Listed,,Jul 16,Part of NC hotel set,,,,,,,,,,,,,,,,,,,,,,,,,,,,,,,,
402,Renovated California Motel & Apartments,Pass,Independent,,CA,,,Allred Hotel Group,,Economy,For sale,,Jul 16,4+ acre Opportunity Zone; motel + apartments,,,,,,,,,,,,,,,,,,,,,,,,,,,,,,,,
403,Palette Resort Myrtle Beach,Pass,Independent,Myrtle Beach,SC,,,Lodging Partners LLC / Crexi,,Full-service,Oceanfront OM available,,Jul 19,Oceanfront. CORE SE.,,,,,,,,,,,,,,,,,,,,,,,,,,,,,,,,
404,Country Inn & Suites Conway,Pass,Country Inn & Suites,Conway,AR,67,"$4,100,000",Marcus & Millichap,,Select-service,Updated pricing,,Jul 19,750 Amity Rd. 15% YTD market RevPAR growth. Miller-Gomes.,,,,,,,,,,,,,,,,,,,,,,,,,,,,,,,,
405,Best Western Plus JFK Inn & Suites North Little Rock,Pass,Best Western,North Little Rock,AR,65,"$4,800,000",Marcus & Millichap,,Select-service,Updated financials,,Jul 19,2500 Main St. 16.2% YTD RevPAR growth. Miller-Gomes.,,,,,,,,,,,,,,,,,,,,,,,,,,,,,,,,
406,Comfort Inn Miramar Beach,Pass,Comfort Inn,Miramar Beach,FL,,,Crexi,,Select-service,Recommended listing,,Jul 19,2021-built; below replacement cost. CORE SE.,,,,,,,,,,,,,,,,,,,,,,,,,,,,,,,,
407,Holiday Inn Express Tallahassee I-10 East,Pass,Holiday Inn Express,Tallahassee,FL,134,,Crexi,,Select-service,Listed,,Jul 19,CORE SE.,,,,,,,,,,,,,,,,,,,,,,,,,,,,,,,,
408,Tru by Hilton Beaufort,Pass,Tru,Beaufort,SC,,,Crexi,,Select-service,Listing updated (price/metrics),,Jul 19,CORE SE. Was on watchlist.,,,,,,,,,,,,,,,,,,,,,,,,,,,,,,,,
409,New-Build Upscale Hotel - University Location,Pass,Independent,,,,,Allred Hotel Group,,Full-service,Inviting offers,,Jul 19,New-build upscale; year-round university market,,,,,,,,,,,,,,,,,,,,,,,,,,,,,,,,
410,Renaissance Tampa International Plaza Hotel,Underwrite,Renaissance (Marriott),Tampa,FL,293,,The Plasencia Group,Nick Plasencia · nplasencia@tpghotels.com · (813) 932-1234,Full-service,CA required — VDR access,,Jul 20,"AWAITING DATA — financials behind CA. AAA Four Diamond, attached to International Plaza mall, adjacent to Tampa Intl Airport, Westshore Business District. RevPAR index 130%+ per OM. Exec summary + VDR require signed CA.","4200 Jim Walter Blvd, Tampa, FL 33607",2004,,,Marriott International,,,,,,,,,,,,,,130%+ (per OM),,,,,,,,,,,,https://my.rcm1.com/buyer/vdr?pv=ukLKKkcIOg_1fwyL7yWziuMFoSUSQdGALnAU98XmzfEgtIK8XqwEJ15Gn66OXMeJ,https://tpghotels.com/property/renaissance-tampa-international-hotel/
411,TownePlace Suites Brunswick,Pass,TownePlace Suites,Brunswick,GA,,,Hunter,,Extended-stay,Just listed; data room open,,Jul 20,"149 Gateway Center Blvd, Brunswick GA 31525. CORE SE.",,,,,,,,,,,,,,,,,,,,,,,,,,,,,,,,
412,Baxter 3-Hotel Portfolio,Pass,Portfolio,Baxter,MN,,,HREC,,Portfolio,Just listed; VDR open,,Jul 20,,,,,,,,,,,,,,,,,,,,,,,,,,,,,,,,,
413,Staybridge Suites Orlando Royale Parc Suites,Pass,Staybridge Suites,Orlando,FL,,,Hunter,,Extended-stay,Tours Jul 28-29,,Jul 20,CORE SE.,,,,,,,,,,,,,,,,,,,,,,,,,,,,,,,,
414,The Westin Dallas Park Central,Pass,Westin,Dallas,TX,,,Eastdil Secured,,Full-service,CFO + tours,,Jul 20,,,,,,,,,,,,,,,,,,,,,,,,,,,,,,,,,
415,Four Points by Sheraton Saginaw,Pass,Four Points,Saginaw,MI,150,"$10,700,000",Marcus & Millichap,,Select-service,Updated pricing,,Jul 20,"$71,300/key, 3.1x room rev. F&B by lessee. Miller-Gomes.",,,,,,,,,,,,,,,,,,,,,,,,,,,,,,,,
416,Hampton Inn & Fairfield Inn Tracy,Pass,Hampton / Fairfield,Tracy,CA,,,HREC (Crexi),,Portfolio,Auction — must acquire together,,Jul 20,2-pack,,,,,,,,,,,,,,,,,,,,,,,,,,,,,,,,
417,Fairfield Inn Joliet South,Pass,Fairfield Inn,Joliet,IL,,,HREC,,Select-service,RealINSIGHT auction; tours,,Jul 20,,,,,,,,,,,,,,,,,,,,,,,,,,,,,,,,,
418,Spark by Hilton Conversion New Mexico,Pass,Spark by Hilton,,NM,,,Allred Hotel Group,,Economy,Inviting offers (conversion),,Jul 20,,,,,,,,,,,,,,,,,,,,,,,,,,,,,,,,,
419,EverHome Suites Atlanta Stockbridge,Pass,EverHome Suites,Stockbridge,GA,114,,DDM Hotels,,Extended-stay,Just listed,,Jul 20,ATL MSA. Choice extended-stay — off-brand for buy-box.,"3533 Cameron Pkwy, Stockbridge, GA 30281",,,,,,,,,,,,,,,,,,,,,,,,,,,,,,,
420,SpringHill Suites Jacksonville,To review,SpringHill Suites,Jacksonville,FL,102,,Hodges Ward Elliott,,Select-service,Just listed (fee simple),,Jul 22,"2000-vintage, 102 suites. CORE SE.","4385 Southside Blvd area, Jacksonville FL",,,,,,,,,,,,,,,,,,,,,,,,,,,,,,,
421,Fairfield Inn & Suites Charlotte Monroe,To review,Fairfield Inn,Monroe,NC,,,HREC,,Select-service,Just listed,,Jul 22,Charlotte MSA. CORE SE.,,,,,,,,,,,,,,,,,,,,,,,,,,,,,,,,
422,Candlewood Suites Greenville NC,To review,Candlewood Suites,Greenville,NC,94,,Colliers,Prashant Merchant,Extended-stay,For sale,,Jul 22,CORE SE.,"1055 Waterford Commons Rd, Greenville NC 27834",,,,,,,,,,,,,,,,,,,,,,,,,,,,,,,
423,Marriott Syracuse Downtown,Pass,Marriott,Syracuse,NY,315,,JLL,,Full-service,Deal room / CA,,Jul 22,"Out of geo, full-service.",,,,,,,,,,,,,,,,,,,,,,,,,,,,,,,,
424,Marriott Colorado Springs,Pass,Marriott,Colorado Springs,CO,,,CBRE,,Full-service,Investment opportunity,,Jul 21,"Out of geo, full-service.","5580 Tech Center Dr, Colorado Springs CO",,,,,,,,,,,,,,,,,,,,,,,,,,,,,,,
425,Days Inn by Wyndham Van Horn,Pass,Days Inn,Van Horn,TX,58,,Marcus & Millichap,,Economy,Updated pricing (15.49% cap),,Jul 22,"Economy, out of geo. Miller-Gomes.",,,,,,,,,,,,,,,,,,,,,,,,,,,,,,,,
426,Holiday Inn Express & Suites Spring - Woodlands,Pass,Holiday Inn Express,Spring,TX,109,,HVS,,Select-service,New listing ($1.2M NOI),,Jul 22,Woodlands area. Out of geo.,,,,,,,,,,,,,,,,,,,,,,,,,,,,,,,,
427,Cerulean Hotel & Waffle Hut,Pass,Independent,Klamath Falls,OR,82,"$6,500,000",Marcus & Millichap,,Independent,"New listing ($79,268/key)",,Jul 22,Out of geo. Miller-Gomes.,"100 Main St, Klamath Falls, OR",,,,,,,,,,,,,,,,,,,,,,,,,,,,,,,
428,Confidential Wyndham Asset Mississippi,To review,Wyndham,,MS,,,Hotel Brokers of America,,Select-service,CA required,,Jul 22,Cash-flowing select-service. CORE SE geo but off-brand for buy-box.,,,,,,,,,,,,,,,,,,,,,,,,,,,,,,,,
